id,name_si
1,අක්කරපත්තුව
2,අඹගහවත්ත
3,අම්පාර
4,බක්මිටියාව
5,දීඝවාපිය
6,දෙවලහිඳ
7,දිගාමඩුල්ල වීරගොඩ
8,දොරකුඹුර
9,ගොනගොල්ල
10,හුලංනුගේ
11,කල්මුණේ
12,කන්නකිපුරම්
13,කරතිව්
14,කැකිරිහේන
15,කොක්නහර
16,කෝලමන්තලාව
17,කෝමාරි
18,ලාහුගල
19,ඉරක්කමම්
20,මහඔය
21,මාරත්මුනේ
22,නාමල්ඔය
23,නාවිදන්වෙලි
24,නින්දවූර්
25,ඔළුවිල
26,පදියතලාව
27,පහලලන්ද
28,පානම
29,පන්නලගම
30,පරගහකැලේ
31,පෙරියනීලවන්නි
32,පොල්වග ජනපදය
33,පොතුවිල්
34,සායින්දමරුදු
35,සමන්තුරේ
36,සේරන්කද
37,ටැම්පිටිය
38,තම්බිලුවිල්
39,තිරුකෝවිල
40,උහන
41,වඩිනාගල
42,වනගමුව
43,අංගමුව
44,අනුරාධපුරය
45,අව්කන
46,බෝගහවැව
47,දෙමටවැව
48,දිඹුලාගල
49,දුටුවැව
50,ඇලයාපත්තුව
51,ඇල්ලේවැව
52,එප්පාවල
53,ඇතාවැටුනවැව
54,ඇතාවීරගොලෑව
55,ගලපිටගල
56,ගලෙන්බිඳුනුවැව
57,ගල්කඩවල
58,ගල්කිරියාගම
59,ගල්කුලම
60,ගල්නෑව
61,ගම්බිරිගස්වැව
62,ගනේවල්පොල
63,ගැමුණුපුර
64,ගෙතලාව
65,ඝාණිකුළම
66,ගෝනහද්දෙනෑව
67,හබරන
68,හල්මිලෑව දඹුල්ල
69,හල්මිල්ලවැටිය
70,හිද්දෝගම
71,හොරොව්පතාන
72,හොරිවිල
73,හුරිගස්වැව
74,හුරුලුනිකවැව
75,ඉහල පුලියන්කුලම
76,කගම
77,කහටගස්දිගිලිය
78,කහටගොල්ලෑව
79,කලකරඹෑව
80,කලාඔය
81,කලාවැදි උල්පොත
82,කලංචිය
83,කල්පිටිය
84,කළුකැලේ බදනාගල
85,කපුගල්ලව
86,කරගහවැව
87,කාශ්‍යපපුර
88,කැබිතිගොල්ලෑව
89,කැකිරාව
90,කේන්දෑව
91,කිරළෝගම
92,කිරිගල්වැව
93,කිරිමුන්ඩලම
94,කිතුල්හිටියාව
95,කුරුන්දන්කුලම
96,ලබුනෝරුව
97,ඉහලගම
98,ඉපොලොගම
99,මාදතුගම
100,මහ ඇලගමුව
101,මහබුලංකුලම
102,මහඉලුප්පල්ලම
103,මහකනදරාව
104,මහපොතාන
105,මහසෙන්පුර
106,මහවිලච්චිය
107,මයිලගස්වැව
108,මල්වනගම
109,මනේරුව
110,මරදන්කඩවල
111,මරදන්කල්ල
112,මැදවච්චිය
113,මීගොඩවැව
114,මිහින්තලේ
115,මොරකෑව
116,මුල්කිරියාව
117,මුරියකඩවල
118,කොළඹ 15
119,නච්චදූව
120,නාමල්පුර
121,නෑගම්පහ
122,නොච්චියාගම
123,නුවරගල
124,පදවි මෛත්‍රීපුර
125,පදවි පරාක්‍රමපුර
126,පදවි ශ්‍රීපුර
127,පදවි ශ්‍රීතිස්සපුර
128,පදවිය
129,පඩිකරමඩුව
130,පහල හල්මිල්ලෑව
131,පහල මරගහවෙ
132,පහලගම
133,පලුගස්වැව
134,පන්ඩුකාබයපුර
135,පන්ඩුලගම
136,පරාක්‍රමපුර
137,පරංගියාවාඩිය
138,පරසන්ගහවැව
139,පැලටියාව
140,පෙමදූව
141,පෙරිමියන්කුලම
142,පිහිඹියගොල්ලෑව
143,පුබ්බෝගම
144,පූනෑව
145,රාජාංගනය
146,රම්බෑව්
147,රම්පත්විල
148,රත්මල්ගහවැව
149,සාලියපුර
150,සීප්පුකුලම
151,සේනාපුර
152,සිවලකුලම
153,සියඹලෑව
154,ස්‍රාවස්තිපුර
155,තලාව
156,තඹුත්තේගම
157,තම්මැන්නාව
158,තන්තිරිමලේ
159,තෙල්හිරියාව
160,තිරප්පනේ
161,තිත්තගෝනෑව
162,උඩුනුවර කොළණිය
163,උපුල්දෙනිය
164,උට්ටිමඩුව
165,වෙල්ලමනල්
166,විහාරපාළුගම
167,වාහල්කඩ
168,වහමල්ගොල්ලෑව
169,වලගම්බාහුව
170,වලහාවිද්දෑව
171,වැලිමුවපතාන
172,වැලිඔය ව්‍යාපෘතිය
173,අක්කරසියය
174,අලුකෙටියාව
175,අළුත්තරම
176,අඹදන්ඩෙගම
177,අඹගස්දූව
178,අරාව
179,අරාවකුඹුර
180,අරාවත්ත
181,අටකිරියාව
182,බදුල්ල
183,බදුලුඔය
184,බල්ලකැටුව
185,බඹරපාන
186,බණ්ඩාරවෙල
187,බෙරමඩ
188,බිබිලේගම
189,බොරගස්
190,බොරලන්ද
191,බෝවෙල
192,මධ්‍යම කඳවුර
193,දමනෙවෙල
194,දඹාන
195,දෙහිඅත්තකන්ඩිය
196,දෙමෝදර
197,දිගනතැන්න
198,දික්කපිටිය
199,දිඹුලාන
200,දිවුලපැලැස්ස
201,දියතලාව
202,දුල්ගොල්ල
203,ඇකිරියන්කුඹුර
204,ඇල්ල
205,ඇට්ටම්පිටිය
206,ගලඋඩ
207,ගල්පොරුයාය
208,ගවරවෙල
209,ගිරාඳුරුකෝට්ටෙ
210,ගොඩුන්න
211,ගුරුතලාව
212,හල්දුම්මුල්ල
213,හාලි ඇල
214,හඟුන්නෑව
215,හපුතලේ
216,හබරාව
217,හීලොය
218,හෙලහල්පේ
219,හෙලපුපුළ
220,හෝප්ටන්
221,ඉදල්ගස්ඉන්න
222,කහටරුප්ප
223,කළුගහකණ්ඳුර
224,කළුපහණ
225,කොබිල්ලවෙල
226,කන්දෙගොල්ල
227,කෙසෙල්පොත
228,කේතවත්ත
229,කිරිවනගම
230,කොස්ලන්ද
231,කුරුවිතැන්න
232,කුට්ටියාගොල්ල
233,ලන්දේවෙල
234,ලියන්ගහවෙල
235,ලුණුගල
236,ලුණුවත්ත
237,මඩොල්සිම
238,මහියංගනය
239,මකුලැල්ල
240,මල්ගොඩ
241,මාපාකඩවැව
242,මස්පන්න
243,මාඋස්සාගොල්ල
244,මාවනගම
245,මැදවෙල උඩුකිඳ
246,මීගහකිවුල
247,මැටිගහතැන්න
248,මිරහවත්ත
249,මිරියාබැද්ද
250,නවමැදගම
251,නෙළුම්ගම
252,නිකපොතගම
253,නුගතලාව
254,ඔහිය
255,පහළරත්කිඳ
256,පල්ලේකිරුව
257,පස්සර
258,පට්ටියගෙදර
259,පල්ලෙගහතැන්න
260,පේරවැල්ල
261,පිටමාරුව
262,පිටපොළ
263,පුහුපොළ
264,රජගලතැන්න
265,රත්කරව්ව
266,රිදීමල්දෙණිය
267,සිල්මියාපුර
268,සිරිමල්ගොඩ
269,සිරිපුර
270,සොරබොර කොලනිය
271,සොරගුනේ
272,සොරණාතොට
273,තල්දෙන
274,තිඹිරිගස්පිටිය
275,උඩුහාවර
276,උරණිය
277,ඌව කරඳගොල්ල
278,ඌව මාවැල්ගම
279,ඌව තැන්න
280,ඌව තිස්සපුර
281,වැලිමඩ
282,වෑරැන්කැටගොඩ
283,වෑවත්ත
284,විනීතගම
285,යාලගමුව
286,යල්වෙල
287,අඩ්ඩාලච්චේන
288,අම්පිලන්තුරෙයි
289,අරෙයිපට්ටායි
290,අයිතියමලෙයි
291,බකිඇල්ල
292,මඩකලපුව
293,චෙඩ්ඩිපලයම්
294,චෙන්කලඩි
295,එරාවූර්
296,කළුවංචිකුඩි
297,කළුවන්කෙමි
298,කන්නන්කුඩා
299,කරදියනාරු
300,කදිරවේලි
301,කාත්තන්කුඩි
302,කිරාන්
303,කිරාන්කුලම්
304,කොඩ්ඩෙයිකල්ලාර්
305,කොක්කඩිචෝලෙයි
306,කුරුක්කල්මඩම්
307,මන්දූර්
308,මිරවෝඞායි
309,මුරකොට්ටන්චනෛ
310,නවගිරිනගර්
311,නවත්කදු
312,ඔට්ටමාවඩ්
313,පාලමුන
314,පාන්කුඩාවේලි
315,පෙරියපෝරතිවු
316,පෙරියපුල්ලුමලෙයි
317,පිල්ලියරදී
318,පූනානයි
319,තන්නමුනෛ
320,තෙටිටතිවු
321,තික්කොඞයි
322,තිරුපලුගාමම්
323,උන්නිච්චේ
324,වාගනේරි
325,වාකරෙයි
326,වාලච්චේන
327,වන්තරුමූලෙයි
328,වේල්ලාවෙලි
329,අකරවිට
330,අම්බලන්ගොඩ
331,අතුරුගිරිය
332,අවිස්සාවේල්ල
333,බටවැල
334,බත්තරමුල්ල
335,බියගම
336,බෝපෙ
337,බොරලැස්ගමුව
338,කොළඹ 8
339,දැඩිගමුව
340,දෙහිවල
341,දෙල්තර
342,හබරකඩ
343,හන්වැල්ල
344,හිරිපිටිය
345,හොකන්දර
346,හෝමාගම
347,හොරගල
348,කඩුවෙල
349,කළුගල්ල
350,කපුගොඩ
351,කොහල්වත්ත
352,කිරිවත්තුඩුව
353,කොලොන්නාව
354,කොස්ගම
355,මඩපාත
356,මහරගම
357,මාළඹේ
358,මොරටුව
359,ගල්කිස්ස
360,මුල්ලේගම
361,නාපාවෙල
362,නුගේගොඩ
363,පාදුක්ක
364,පන්නිපිටිය
365,පිළියන්දල
366,පිටිපාන හෝමාගම
367,පොල්ගස්ඕවිට
368,පූගොඩ
369,රණාල
370,සිද්ධමුල්ල
371,සියඹලාගොඩ
372,ශ්‍රී ජයවර්ධනපුර
373,තලවතුගොඩ
374,තුම්මෝදර
375,වග
376,කොළඹ 6
377,අගලිය
378,අහංගම
379,අහුන්ගල්ල
380,අක්මීමාන
381,අලවතුගොඩ
382,අළුත්වල
383,අම්පෙගම
384,අමුගොඩ
385,අනන්ගොඩ
386,අඟුලුගහ
387,අංකොක්කාවල
388,ඇසලපුර
389,බද්දේගම
390,බලපිටිය
391,බනගල
392,බටපොල
393,බෙන්තොට
394,බූස්ස
395,දෙල්ලව
396,දික්කුඹුර
397,දොඩන්දූව
398,ඇල්ල තනබද්දේගම
399,ඇල්පිටිය
400,ගාල්ල
401,ගිනිමෙල්ලගහ
402,ගින්තොට
403,ගොඩහේන
404,ගෝනමුල්ල හංදිය
405,ගොනාපිනූවල
406,හබරාදූව
407,හබුරුගල
408,හික්කඩුව
409,හිනිදුම
410,හියාරෙ
411,කහදූව
412,කහව
413,කරාගොඩ
414,කරන්දෙණිය
415,කොස්ගොඩ
416,කොට්ටාවගම
417,කෝට්ටේගොඩ
418,කුලීගොඩ
419,මාගෙදර
420,මහවෙල සිංහපුර
421,මාපලගම
422,මාපලගම මධ්‍යම
423,මට්ටක
424,මැද කීඹිය
425,මීටියාගොඩ
426,නාගොඩ
427,නාකියාදෙණිය
428,නවඳගල
429,නෙළුව
430,නින්දාන
431,පහළ මිල්ලෑව
432,පනංගල
433,පැණිමුල්ල පනාගොඩ
434,පරණ තානායම්ගොඩ
435,පතාන
436,පිටිගල
437,පෝද්දල
438,පොල්ගම්පොල
439,පොරවගම
440,රන්තොටුවිල
441,තලගම්පොල
442,තල්ගස්පෙ
443,තල්පෙ
444,තවලම
445,තිරණගම
446,උඩලමත්ත
447,උඩුගම
448,උලුවිටිකේ
449,උණවටුන
450,උනවිටිය
451,ඌරගහ
452,ඌරගස්මන්හන්දිය
453,වක්වැල්ල
454,වලහන්දූව
455,වංචාවල
456,වඳුරඹ
457,වාරුකන්දෙනිය
458,වටුගෙදර
459,වැයිහේන
460,වැලිකන්ද
461,විලනගම
462,යක්කලමුල්ල
463,යටලමත්ත
464,අකරගම
465,අඹගස්පිටිය
466,අඹේපුස්ස
467,ආඬිඅම්බලම
468,අත්තනගල්ල
469,බඩල්ගම
470,බඳුරගොඩ
471,බටුවත්ත
472,බෙම්මුල්ල
473,බියගම IPZ
474,බොකලගම
475,බොල්ලතේ
476,බෝපගම
477,බුත්පිටිය
478,දාගොන්න
479,දංඕවිට
480,දෙබහැර
481,දෙකටන
482,දෙල්ගොඩ
483,දෙල්වගුර
484,දෙමළගම
485,දෙමන්හන්දිය
486,දේවාලපොල
487,දිවුලපිටිය
488,දිවුල්දෙණිය
489,දොම්පෙ
490,දුනගහ
491,ඒකල
492,ඇල්ලක්කල
493,එස්සැල්ල
494,ගලේදණ්ඩ
495,ගම්පහ
496,ගණේමුල්ල
497,ගිරිවුල්ල
498,ගෝනවල
499,හල්පෙ
500,හපුගස්තැන්න
501,හෙයියන්තුඩුව
502,හීනටියන මඩවල
503,හිස්වැල්ල
504,හොරම්පැල්ල
505,හුණුමුල්ල
506,හුණුපොල
507,ඉහල මදම්පෙල්ල
508,ඉඹුල්ගොඩ
509,ජා-ඇල
510,කඩවත
511,කහටෝවිට
512,කලගෙඩිහේන
513,කල්එළිය
514,කඳාන
515,කටාන
516,කටුදෙණිය
517,කටුනායක
518,කටුනායක ගුවන් හමුදා කඳවුර
519,කටුනායක නිදහස් වෙළඳ කලාපය
520,කටුවෙල්ලගම
521,කැළණිය
522,කිඹුලාපිටිය
523,කිරිඳිවෙල
524,කිතලවලාන
525,කොච්චිකඩේ
526,කොටදෙණියාව
527,කොටුගොඩ
528,කුඹල්ඔළුව
529,ලොළුවගොඩ
530,මබෝදලේ
531,මැදැල්ගමුව
532,මාකවිට
533,මාකොල
534,මල්වාන
535,මන්දාවල
536,මරඳගහමුල
537,මෙල්ලවගෙදර
538,මිනුවන්ගොඩ
539,මීරිගම
540,මිරිස්වත්ත
541,මිතිරිගල
542,මුද්දරගම
543,මුදුන්ගොඩ
544,මුල්ලේරියාව නව නගරය
545,නාරංවල
546,නාවන
547,නැදුන්ගමුව
548,මීගමුව
549,නිකදළුපොත
550,නිකහැටිකන්ද
551,නිට්ටඹුව
552,නිවන්දම
553,ඕපාත
554,පමුණුගම
555,පමුණුවත්ත
556,පනාවල
557,පස්යාල
558,පෑලියගොඩ
559,පැපිලියාවල
560,පෙතියාගොඩ
561,පොල්පිතිමූකලාන
562,පුවක්පිටිය
563,රදාවඩුන්න
564,රදාවාන
565,රද්දොළුගම
566,රාගම
567,රුග්ගහවිල
568,සීදුව
569,සියඹලාපේ
570,තලාහේන
571,තඹගල්ල
572,තිඹිරිගස්කටුව
573,තිත්තපත්තර
574,උඩතුත්තිරිපිටිය
575,උඩුගම්පල
576,උග්ගල්බොඩ
577,ඌරාපොල
578,උස්වැටකෙයියාව
579,වෙයන්ගොඩ
580,වල්ගම්මුල්ල
581,වල්පිට
582,වල්පොල
583,වතුරුගම
584,වටිනාපහ
585,වත්තල
586,වෙිබොඩ
587,වෑගොව්ව
588,වේවැල්දෙණිය
589,යක්කල
590,යටියන
591,අම්බලන්තොට
592,අඟුණකොළපැලැස්ස
593,අඟුණකොලවැව
594,බන්ඩගිරිය කොලොනි
595,බරවකුඹුර
596,බෙලිඅත්ත
597,බෙරගම
598,බෙරලිහෙල
599,බූන්දල
600,ඇල්ලගල
601,ගඟුලදෙණිය
602,ගැටමාන්න
603,ගොඩ කොග්ගල්ල
604,ගොනාගමුව උඩුවිල
605,ගොන්නොරුව
606,හකුරුවෙල
607,හම්බන්තොට
608,හඳගුල
609,හුංගම
610,ඉහල බෙලිගල්ල
611,ඉත්ත දෙමලිය
612,ජුලම්පිටිය
613,කහඳමෝදර
614,කරියමදිත්ත
615,කටුවන
616,කාවන්තිස්සපුර
617,කිරම
618,කිරින්ද
619,ලුනම
620,ලුණුගම්වෙහෙර
621,මාගම
622,මහගල්වැව
623,මාමඩල
624,මැදමුලන
625,මිද්දෙණිය
626,මිගහජන්දුරැ
627,මොදරවාන
628,මුල්කිරිගල
629,නාකුළුගමුව
630,නෙටොල්පිටිය
631,නිහිලුව
632,පදව්කෙම
633,පහල අන්දරවැව
634,රම්මලවරපිටිය
635,රණකෙලිය
636,රන්මුඩුවැව
637,රන්න
638,රත්මල්වල
639,රුහුණු රිදියගම
640,සූරියවැව නගරය
641,තංගල්ල
642,තිස්සමහාරාම
643,උඩ ගෝමදිය
644,උඩමත්තල
645,උස්වැව
646,විතාරන්දෙණිය
647,වළස්මුල්ල
648,වීරකැටිය
649,වීරවිල
650,වීරවිල නව නගරය
651,වෑකඳවෙල
652,වැලිගත්ත
653,යටිගල
654,යාපනය
655,අගලවත්ත
656,අලුබෝමුල්ල
657,අංගුරුවතොට
658,අටලේ
659,බදුරලීය
660,බණ්ඩාරගම
661,බටුගම්පොල
662,බෙල්ලන
663,බේරුවල
664,බොලොස්සගම
665,බොඹුවල
666,බොරළුගොඩ
667,බුලත්සිංහල
668,දනවල තිනියවල
669,දෙල්මෙල්ල
670,දර්ගා නගරය
671,දිවාලකද
672,දොඩන්ගොඩ
673,දොඹගොඩ
674,ඇත්කඳුර
675,ගල්පාත
676,ගමගොඩ
677,ගොනාගල්පුර
678,ගෝනපොල හංදිය
679,ගෝවින්න
680,ගුරුලුබැද්ද
681,හල්කන්දවිල
682,හල්තොට
683,හල්විටගල ජනපදය
684,හල්වල
685,හල්වතුර
686,හඳපාන්ගොඩ
687,හැඩිගල්ල ජනපදය
688,හේනෙගම
689,හෙට්ටිමුල්ල
690,හොරණ
691,ඉත්තෑපාන
692,කහවල
693,කලවිල කිරන්තිඩිය
694,කළුතර
695,කනන්විල
696,කඳනාගම
697,කෙලින්කන්ද
698,කිතුල්ගොඩ
699,කොහොලාන
700,කුඩා උඩුව
701,ලබ්බල
702,ඉහළහේවැස්ස
703,ඉඳුරුව
704,ඉංගිරිය
705,මග්ගොන
706,මහගම
707,මහාකළුපහන
708,මහරංගල්ල
709,මල්ගල්ල තලංගල්ල
710,මතුගම
711,මීගහතැන්න
712,මීගම
713,මීගොඩ
714,මිල්ලණිය
715,මිල්ලෑව
716,මිවනපලාන
717,මෝල්කාව
718,මොරපිටිය
719,මොරොන්තුඩුව
720,නවත්තුඩුව
721,නෑබොඩ
722,පාදාගොඩ
723,පහළහේවැස්ස
724,පයාගල
725,පානදුර
726,පන්නල
727,පරගස්තොට
728,පරගොඩ
729,පරයිගම
730,පෙලන්ඩ
731,පැලවත්ත
732,පිඹුර
733,පිටගල්දෙණිය
734,පොකුණුවිට
735,පෝරුවදණ්ඩ
736,රත්මලේ
737,රෙමුණගොඩ
738,තල්ගස්වෙල
739,තෙඹුවන
740,උඩුවර
741,උතුම්ගම
742,වේයන්ගල්ල
743,වාද්දුව
744,වලගෙදර
745,වළල්ලාවිට
746,වස්කඩුව
747,වැලිපැන්න
748,වැලිවේරිය
749,වැල්මිල්ල හංදිය
750,වේරගල
751,යගිරාල
752,යටදොලවත්ත
753,යටවර හන්දිය
754,අලුදෙණිය
755,අඹගහපැලැස්ස
756,අඹගමුව උඩබුලත්ගම
757,අඹතැන්න
758,අම්පිටිය
759,අංකුඹුර
760,අටබාගෙ
761,බලන
762,බඹරගහඇල
763,බටගොල්ලදෙණිය
764,බටුගොඩ
765,බටුමුල්ල
766,බව්ලන
767,බෝපන
768,දංතුරේ
769,දේදුනුපිටිය
770,දෙකිඳ
771,දෙල්තොට
772,දිවුලන්කදවල
773,දොලපිහිල්ල
774,දොලොස්බාගෙ
775,දුනුවිල
776,ඇතුල්ගම
777,ගලබොඩ
778,ගලගෙදර
779,ගලහ
780,ගල්හින්න
781,ගම්පොල
782,ගෙලිඔය
783,ගොඩමුන්න
784,ගොමගොඩ
785,ගොනාගන්තැන්න
786,ගෝනවලපතන
787,ගුන්නෑපාන
788,ගුරුදෙණිය
789,හක්මන
790,හඳගනාව
791,හඳවලපිටිය
792,හඳැස්ස
793,හඟුරන්කෙත
794,හරංගලගම
795,හතරලියද්ද
796,හිඳගල
797,හොඳයාදෙණිය
798,හුන්නස්ගිරිය
799,ඉඟුරුවත්ත
800,ජම්බුගහපිටිය
801,කඩුගන්නාව
802,කහටලියද්ද
803,කළුගල
804,මහනුවර
805,කපුලියද්ද
806,කටුගස්තොට
807,කටුකිතුල
808,කැළණිගම
809,කෙන්ගල්ල
810,කැටබූල
811,කැටකුඹුර
812,කොබෝනීල
813,කොළඹිස්ස
814,කොලොන්ගොඩ
815,කුළුගම්මන
816,කුඹුක්කඳුර
817,කුඹුරේගම
818,කුණ්ඩසාලෙ
819,ලීමගහකොටුව
820,ඉහල කොබ්බෑකඩුව
821,ලුණුගම
822,ලුණුකැටිය මඩිත්ත
823,මඩවල බසාර්
824,මඩවලලන්ද
825,මඩුගල්ල
826,මඩුල්කැලේ
827,මහදොරලියද්ද
828,මහමැදගම
829,මහානාගපුර
830,මයිලපිටිය
831,මක්කානිගම
832,මකුල්දෙණිය
833,මංගලගම
834,මාපාකන්ද
835,මාරස්සන
836,මේරිමවුන්ට් ජනපදය
837,මාවතුර
838,මැදමහනුවර
839,මැදවල හාරිස්පත්තුව
840,මීතලාව
841,මෙගොඩ කළුගමුව
842,මැණික්දිවෙල
843,මැණික්හින්න
844,මීමුරේ
845,මිණිගමුව
846,මිණිපේ
847,මොරගහපල්ලම
848,මුරුතලාව
849,මුරුතගහමුල්ල
850,නානුඔය
851,නාරම්පනාව
852,නරවැල්පිට
853,නාවලපිටිය
854,නවතිස්පනේ
855,නිල්ලඹ
856,නුගලියද්ද
857,ඕවිලිකන්ද
858,පල්ලෙකොටුව
859,පන්විලතැන්න
860,පරදෙකා
861,පස්බාගේ
862,පට්ටිතලාව
863,පේරාදෙණිය
864,පිළිමතලාව
865,පොහොලියද්ද
866,පුබ්බිලිය
867,පුපුරැස්ස
868,පුස්සැල්ලාව
869,පුටුහපුව
870,රජවැල්ල
871,රඹුක්පිටිය
872,රඹුක්වැල්ල
873,රංගල
874,රන්ටැඹේ
875,සංඝරාජපුර
876,සෙනරත්වෙල
877,තලාතුඔය
878,තෙල්දෙණිය
879,තැන්නෙකුඹුර
880,උඩ පේරාදෙණිය
881,උඩහතැන්න
882,උඩුතලවින්න
883,උඩිස්පත්තුව
884,උඩුදුම්බර
885,උඩුවාහින්න
886,උඩුවෙල
887,උලපනේ
888,උනුවින්න
889,වෙලම්බොඩ
890,වටගොඩ
891,වටගොඩ හාරිස්පත්තුව
892,වට්ටප්පොල
893,වැලිගම්පොළ
894,වෙන්ඩරුව
895,වේරගංතොට
896,වේරපිට්‍ය
897,වැරැල්ලගම
898,වෑත්තෑව
899,යහලතැන්න
900,යටිහලගල
901,අලවල
902,අලවතුර
903,අලව්ව
904,අල්ගම
905,අළුත්නුවර
906,අම්බලකන්ද
907,අම්බුළුගල
908,අමිතිරිගල
909,අම්පාගල
910,අංහන්දිය
911,අංහෙට්ටිගම
912,අරනායක
913,අරුග්ගම්මන
914,බටුවිට
915,බෙලිගල
916,බෙලිහුල්ඔය
917,බෙරන්නව
918,බෝපිටිය
919,බෝපිටිය (සබර)
920,බොරලන්කද
921,බොස්සැල්ල
922,බුලත්කොහුපිටිය
923,දමුනුපොල
924,දෙබත්ගම
925,දේදුගල
926,දීවල පල්ලෙගම
927,දෙහිඕවිට
928,දෙල්දෙණිය
929,දෙලෝලුව
930,දැරණියගල
931,දේවාලේගම
932,දෙවනගල
933,දොඹේමද
934,දොරවක
935,දුනුමල
936,ගලපිටමඩ
937,ගලතර
938,ගලිගමුව නගරය
939,ගල්ලෑල්ල
940,ගල්පාත (සබරගමුව)
941,ගන්තුන
942,ගැටහැත්ත
943,ගොඩගම්පොල
944,ගෝනාගල
945,හකහින්න
946,හක්බෙල්ලවක
947,හල්ලෝලුව
948,හැදුනුවැව
949,හෙම්මාතගම
950,හේවාදිවෙල
951,හිඟුල
952,හිඟුරලකන්ද
953,හිඟුරාන
954,හිරිවඩුන්න
955,ඉහල වල්පොල
956,ඉහළගම
957,ඉඹුලාන
958,ඉඹුල්ගස්දෙණිය
959,කබගමුව
960,කහපත්වල
961,කන්දකැටිය
962,කන්නත්තොට
963,කරගහහින්න
964,කෑගල්ල
965,කෙහෙල්පන්නල
966,කැටවල ලෙව්ල
967,කිතුල්ගල
968,කොන්ඩෙනිය
969,කොටියාකුඹුර
970,ලෙවන්ගම
971,මහබාගේ
972,මාකෙහෙල්වල
973,මලල්පොල
974,මල්දෙණිය
975,මාලිබොඩ
976,මාලියද්ද
977,මල්මඩුව
978,මාරපන
979,මාවනැල්ල
980,මීටන්වල
981,මිගස්තැන්න සබර
982,මියනවිට
983,මොලගොඩ
984,මොරොන්තොට
985,නාරංගල
986,නාරංගොඩ
987,නට්ටාරම්පොත
988,නෙලුන්දෙනිය
989,නියදුරුපොළ
990,නූරි
991,පන්නිල
992,පට්ටම්පිටිය
993,පිලවල
994,පොතුකොලදෙණිය
995,පුස්වැලිතැන්න
996,රඹුක්කන
997,රිල්පොල
998,රුක්මලේ
999,රුවන්වැල්ල
1000,සමනලවැව
1001,සීෆෝර්ත් ජනපදය
1002,කොළඹ 2
1003,වසන්ත නිම්නය
1004,තල්ගස්පිටිය
1005,තෙලිගම
1006,තෝලංගමුව
1007,තොටවැල්ල
1008,උඩහ හවුපේ
1009,උඩපොත
1010,උඩුව
1011,උඳුගොඩ
1012,උස්සපිටිය
1013,වහකුල
1014,වහරක
1015,වනළුවැව
1016,වරකාපොල
1017,වතුර
1018,වී ඔය
1019,වෑගල්ල
1020,වැලිගල්ල
1021,වැලිහෙලතැන්න
1022,වේවැල්වත්ත
1023,යටගම
1024,යටපාන
1025,යටියන්තොට
1026,යට්ටෝගොඩ
1027,කණ්ඩාවලයි
1028,කරච්චි
1029,කිළිනොච්චි
1030,පච්චිලෙයිපල්ලි
1031,පූනකරි
1032,අකුරණ
1033,අලහෙන්ගම
1034,අලහිටියාව
1035,අඹකොටේ
1036,අඹන්පොල
1037,ආඬියාගල
1038,අනුක්කනේ
1039,අරංගොඩ
1040,අටරගල්ල
1041,අවුලේගම
1042,බලල්ල
1043,බමුණකොටුව
1044,බන්ඩාර කොස්වත්ත
1045,බින්ගිරිය
1046,බෝගමුල්ල
1047,බොරළුවැව
1048,බෝයගානෙ
1049,බුජ්ජෝමුව
1050,බුලුවල
1051,දඩයම්තලාව
1052,දඹදෙණිය
1053,දරලුව
1054,දීගල්ල
1055,දෙමටලුව
1056,දෙමුවත
1057,දෙණියාය
1058,දිගන්නෑව
1059,දිවුලේගොඩ
1060,දියසෙන්පුර
1061,දොඩන්ගස්ලන්ද
1062,දොළුව
1063,දොරගමුව
1064,දොරටියාව
1065,දුනුමඩවල
1066,දුනුවිලපිටිය
1067,ඇහැටුවැව
1068,ඇලිබිච්චිය
1069,එම්බෝගම
1070,ඇතුන්ගහකොටුව
1071,ගලදිවුල්වැව
1072,ගල්ගමුව
1073,ගල්ලෑල්ලගම
1074,ගල්ලෑව
1075,ගණේගොඩ
1076,ගිරාතලන
1077,ගොකරුල්ල
1078,ගොනාවිල
1079,හල්මිල්ලවැව
1080,හඳුන්ගමුව
1081,හරන්කහව
1082,හෙළමඩය
1083,හේන්ගමුව
1084,හෙට්ටිපොල
1085,හේවායින්න
1086,හිලෝගම
1087,හිඳගොල්ල
1088,හිරියාල ලේනාව
1089,හිරුවල්පොල
1090,හොරඹාව
1091,හුලොගෙදර
1092,හුළුගල්ල
1093,ඉහළ ගොමුගොමුව
1094,ඉහළ කටුගම්පල
1095,ඉඳුල්ගොඩකන්ද
1096,ඉතනවත්ත
1097,කඩිගාව
1098,කලංකුට්ටිය
1099,කලටුවාව
1100,කළුගමුව
1101,කනදෙණියවල
1102,කනත්තවැව
1103,කන්දේගෙදර
1104,කරගහගෙදර
1105,කරඹේ
1106,කටියාව
1107,කටුපොත
1108,කවුඩුල්ල
1109,කවුඩුළුවැව ස්ටැගල්
1110,කැකුනගොල්ල
1111,කැප්පෙටිවලාන
1112,කිඹුල්වානඔය
1113,කිරිමැටියාව
1114,කිරින්දෑව
1115,කිරිඳිගොල්ල
1116,කිතලෑව
1117,කිතුල්වල
1118,කොබෙයිගනේ
1119,කොහිලගෙදර
1120,කොන්වැව
1121,කොස්දෙනිය
1122,කොස්ගල
1123,කොටගල
1124,කොළඹ 13
1125,කොටවෙහෙර
1126,කුඩාගල්ගමුව
1127,කුඩාකට්නෝරුව
1128,කුලියාපිටිය
1129,කුමාරගම
1130,කුඹුක්ගැට
1131,කුඹුක්වැව
1132,කුරටිහේන
1133,කුරුණෑගල
1134,ඉබ්බාගමුව
1135,ඉහළ කඩිගමුව
1136,ලිහිරියාගම
1137,ඉල්ලගොල්ල
1138,ඉලුක්හේන
1139,ලෝනහෙට්ටිය
1140,මඩහපොල
1141,මඩකුඹුරුමුල්ල
1142,මඩලගම
1143,මඩවල උල්පොත
1144,මදුරගොඩ
1145,මාඑලිය
1146,මගුලාගම
1147,මහ අඹගස්වැව
1148,මහගල්කඩවල
1149,මහගිරිල්ල
1150,මහාමුකලන්යාය
1151,මහනන්නේරිය
1152,මහපල්ලේගම
1153,මහරච්චිමුල්ල
1154,මහතලාකොළවැව
1155,මහවැව
1156,මහව
1157,මකුලෑව
1158,මකුල්පොත
1159,මකුල්වැව
1160,මලගනේ
1161,මණ්ඩපොල
1162,මාස්පොත
1163,මාවතගම
1164,මැදිරිගිරිය
1165,මැදිවාව
1166,මීගලෑව
1167,මීගස්වැව
1168,මීවැල්ලව
1169,මැල්සිරිපුර
1170,මැටිකුඹුර
1171,මැටියගනේ
1172,මින්හෙට්ටිය
1173,මිනුවන්ගැටේ
1174,මිරිහානගම
1175,මොන්නේකුලම
1176,මොරගනේ ය
1177,මොරගොල්ලාගම
1178,මොරටිහ
1179,මුණමල්දෙණිය
1180,මුරුතැන්ගේ
1181,මුතුගල
1182,නබදේව
1183,නාගොල්ලාගම
1184,නාගොල්ලාගොඩ
1185,නක්කාවත්ත
1186,නාරම්මල
1187,නවසේනපුර
1188,නවතල්වත්ත
1189,නෙල්ලිය
1190,නිකවැරටිය
1191,නුගගොල්ල
1192,නුගවෙල
1193,පාදෙණිය
1194,පඩිවෙල
1195,පහළගිරිබාව
1196,පහමුනේ
1197,පලාගල
1198,පලාපත්වල
1199,පලවිය
1200,පල්ලෙවෙල
1201,පලුකඩවල
1202,පානදරගම
1203,පනාගමුව
1204,පැනලිය
1205,පනාපිටිය
1206,පන්ලියද්ද
1207,පන්සියගම
1208,පරපේ
1209,පතනේවත්ත
1210,පට්ටිය වත්ත
1211,පෙරකනත්ත
1212,පෙරියකඩ්නෙළුව
1213,පිහිඹිය රත්මලේ
1214,පිහිඹුව
1215,පිලැස්ස
1216,පොල්ගහවෙල
1217,පොල්ගොල්ල
1218,පොල්පිතිගම
1219,පොතුහැර
1220,පොතුපිටිය
1221,පූජාපිටිය
1222,රක්වාන
1223,රනෝරාව
1224,රතුකොහොඩිගල
1225,රිදිබැඳිඇල්ල
1226,රිදීගම
1227,සාලිය අසෝකපුර
1228,සඳලංකාව
1229,සෙවණපිටිය
1230,සිරම්බිඅඩිය
1231,සිරිසෙතගම
1232,සියඹලන්ගමුව
1233,සියඹලාවැව
1234,සෝලේපුර
1235,සෝලේවැව
1236,සුනන්දපුර
1237,තලවත්තේගෙදර
1238,තඹුට්ටා
1239,තැන්නේපංගුව
1240,තලහිටිමුල්ල
1241,තලකොළවැව
1242,තල්විට
1243,තරණ උඩවෙල
1244,තිඹිරියාව
1245,තිසෝගම
1246,තෝරයාය
1247,තුල්හිරිය
1248,තුන්තොට
1249,තුත්තිරිපිටිගම
1250,උඩගල්දෙණිය
1251,උඩහිඟුල්වල
1252,උඩවත්ත
1253,උඩුබද්දාව
1254,උඩුමුල්ල
1255,උහුමිය
1256,උල්පොත පල්ලෙකැලේ
1257,උල්පොතාගම
1258,උස්ගල සියබ්මලන්ගමුව
1259,විජිතපුර
1260,වදාකඩ
1261,වඩුමුන්නේගෙදර
1262,වලකුඹුරුමුල්ල
1263,වන්නිගම
1264,වන්නිකුඩාවැව
1265,වන්නිල්හලගම
1266,වන්නිරස්නායකපුර
1267,වරාවැව
1268,වාරියපොළ
1269,වටරැක
1270,වත්තේගම
1271,වටුවත්ත
1272,වීරපොකුණ
1273,වැලව හන්දිය
1274,වැලිපැන්නගහමුල්ල
1275,වැල්ලගල
1276,වැල්ලරාව
1277,වැල්ලව
1278,වැල්පල්ල
1279,වෙන්නෝරුව
1280,වෑඋඩ
1281,වැවගම
1282,විල්ගමුව
1283,යක්විල
1284,යටිගල්ඔළුව
1285,මන්නාරම
1286,පුදුකුඩිඉරිප්පු
1287,අකුරම්බොඩ
1288,අලවතුවල
1289,අල්වත්ත
1290,අම්බාන
1291,අරලගන්විල
1292,අටරගල්ලෑව
1293,බඹරගස්වැව
1294,බරවර්ධන ඔය
1295,බෙලිගමුව
1296,දමන
1297,දඹුල්ල
1298,දම්මින්න
1299,දංකන්ද
1300,දෙල්විටේ
1301,දේවගිරිය
1302,දේවහුව
1303,දිවුල්දමන
1304,දුල්වල
1305,දුන්කොලවත්ත
1306,ඇල්කඩුව
1307,එරවුල හන්දිය
1308,එතනවල
1309,ගලේවෙල
1310,ගල්ඔය හන්දිය
1311,ගම්මඩුව
1312,ගන්ගල පුවක්පිටිය
1313,හසලක
1314,හත්තොට අමුණ
1315,ඉඹුල්ගොල්ල
1316,ඉනාමලුව
1317,ඊරියගොල්ල
1318,කයිකාවල
1319,කලන්දූව
1320,කන්ඩලම
1321,කවුඩුපැලැල්ල
1322,කිඹිස්ස
1323,කිවුල
1324,කෝන්ගහවෙල
1325,ලග්ගල පල්ලේගම
1326,ලෑලිඅඹේ
1327,ලෙනදොර
1328,ඉහළ හල්මිල්ලෑව
1329,ඉලුක්කුඹුර
1330,මාදිපොල
1331,මහවෙල
1332,මානවත්ත
1333,මාරක
1334,මාතලේ
1335,මේලිපිටිය
1336,මැටිහක්ක
1337,මිල්ලවාන
1338,මුවන්දෙණිය
1339,නාලන්ද
1340,නාඋල
1341,ඕපල්ගල
1342,පල්ලේපො
1343,පිඹුරත්තෑව
1344,පුලතිසිගම
1345,රණමුරේගම
1346,රත්තොට
1347,සැලගම
1348,සීගිරිය
1349,සිංහගම
1350,සුංගාවිග
1351,තලගොඩ හන්දිය
1352,තලකිරියාගම
1353,තමන්කඩුව
1354,උඩස්ගිරිය
1355,උඩතැන්න
1356,උකුවෙල
1357,වහකෝට්ටේ
1358,වලවෙල
1359,වැහිගල
1360,වෙලංගහවත්ත
1361,වේවැලවැව
1362,යටවත්ත
1363,අකුරැස්ස
1364,අලපලදෙණිය
1365,අපරැක්ක
1366,අතුරලීය
1367,බෙන්ගමුව
1368,බෝපගොඩ
1369,දම්පහල
1370,දීගල ලෙනම
1371,දෙයියන්දර
1372,දෙනගම
1373,දෙණිපිටිය
1374,දෙණියාය
1375,දෙරණගල
1376,දෙවිනුවර (දෙවුන්දර)
1377,දික්වැල්ල
1378,දියගහ
1379,දියලපේ
1380,ගන්දර
1381,ගොඩපිටිය
1382,ගොමිලමවරල
1383,හව්පෙ
1384,හොරපාවිට
1385,කළුබෝවිටියාන
1386,කඹුරුගමුව
1387,කඹුරුපිටිය
1388,කරන්ගොඩ උයන්ගොඩ
1389,කරපුටුල
1390,කරාතොට
1391,කෙකනදුර
1392,කිරිවැල්ගොඩ
1393,කිරිවැල්කැලේ
1394,කොලවෙනිගම
1395,කොටපොල
1396,ලංකාගම
1397,මාකඳුර
1398,මැලිදූව
1399,මාරඹ
1400,මාතර
1401,මැදිරිපිටිය
1402,මීඇල්ල
1403,මිරිස්ස
1404,මොරවක
1405,මුලටියාන හන්දිය
1406,නඩුගල
1407,නයිමන
1408,පලාතුව
1409,පරපමුල්ල
1410,පස්ගොඩ
1411,පෙනතියන
1412,පිටබැද්දර
1413,පුහුවැල්ල
1414,රඳාවෙල
1415,රන්සෑගොඩ
1416,රොටුඹ
1417,සුල්තානාගොඩ
1418,තෙලිජ්ජවෙල
1419,තිහාගොඩ
1420,ඌරුබොක්ක
1421,ඌරුගමුව
1422,උරුමුත්ත
1423,විහාරහේන
1424,වලකන්ද
1425,වලස්ගල
1426,වැරැල්ල
1427,වැලිගම
1428,විල්පිට
1429,යටියාන
1430,අයිවෙල
1431,බඩල්කුඹුර
1432,බදුලුවෙල
1433,බකිණිගහවෙල
1434,බලහරුව
1435,බිබිලේ
1436,බුද්ධගම
1437,බුත්තල
1438,දඹගල්ල
1439,දියකොබල
1440,දොඹගහවෙල
1441,ඇතිමලේවැව
1442,ඇත්තිලිවැව
1443,ගලබැද්ද
1444,ගමේවැල
1445,හම්බෙගමුව
1446,හිඟුරකඩුව
1447,හුලන්දාව
1448,ඉඟිනියාගල
1449,කන්දඋඩපංගුව
1450,කන්දවින්න
1451,කතරගම
1452,කොටගම
1453,කොටමුදුන
1454,කොටවෙහෙර මංකඩ
1455,කුඩාවැව
1456,කුඹුක්කන
1457,මරාවා
1458,මාරියරාව
1459,මැදගාන
1460,මැදවෙලගම
1461,මියනකඳුර
1462,මොණරාගල
1463,මොරටුවේගම
1464,නක්කල
1465,නමුණුකුල
1466,නන්නපුරව
1467,නෙල්ලියද්ද
1468,නිල්ගල
1469,ඔබ්බේගොඩ
1470,ඔක්කම්පිටිය
1471,පංගුරා
1472,පිටකුඹුර
1473,රන්දෙණිය
1474,රුවල්වෙල
1475,සෙල්ල කතරගම
1476,සියඹලාගුණේ
1477,සියඹලාණ්ඩුව
1478,සූරියරා
1479,තණමල්විල
1480,ඌව ගංගොඩගම
1481,ඌව කුඩාඔය
1482,ඌව පැල්වත්ත
1483,වරුණගම
1484,වෙඩිකුඹුර
1485,වෙහෙරයාය හඳපානාගල
1486,වැල්ලවාය
1487,විලාඔය
1488,යුදගනාව
1489,මුලතිව්
1490,ආගරපතන
1491,අඹතලාව
1492,අඹේවෙල
1493,බොගවන්තලාව
1494,බෝපත්තලාව
1495,දාගම්පිටිය
1496,ඩයගම බසාර්
1497,දික්ඔය
1498,දොරගල
1499,දුනුකෙදෙණිය
1500,එගොඩවෙල
1501,ඇකිරිය
1502,ඇලමුල්ල
1503,ගිනිගතැන
1504,ගෝනකැලේ
1505,හග්ගල
1506,හාල්ගරනඔය
1507,හඟරාපිටිය
1508,හපුගස්තලාව
1509,හරස්බැද්ද
1510,හැටන්
1511,හේවාහැට
1512,හිටිගේගම
1513,ජංගුල්ල
1514,කලගන්වත්ත
1515,කඳපොල
1516,කරඳගොල්ල
1517,කීර්තිබණ්ඩාරපුර
1518,කිරිබත්කුඹුර
1519,කොටියාගල
1520,කොත්මලේ
1521,කොට්ටැල්ලෙන
1522,කුඹල්ගමුව
1523,කුඹුක්වෙල
1524,කුරුපනාවෙල
1525,ලබුකැලේ
1526,ලක්ෂපාන
1527,ලිඳුල
1528,මඩුල්ල
1529,මන්දාරම් නුවර
1530,මස්කෙළිය
1531,මස්වෙල
1532,මතුරට
1533,මීපනාව
1534,මීපිලිමාන
1535,මොරහේනගම
1536,මුන්වත්ත
1537,නයපාන ජනපදය
1538,නිල්දණ්ඩාහින්න
1539,නිශ්ශංක උයන
1540,නෝවුඩ්
1541,නුවරඑළිය
1542,පදියපැලැල්ල
1543,පල්ලෙබෝවල
1544,පන්විල
1545,පිටවල
1546,පුණ්ඩළුඔය
1547,රම්බොඩ
1548,රිකිල්ලගස්කඩ
1549,රොසැල්ල
1550,රූපහ
1551,රුවන්එළිය
1552,ශාන්තිපුර
1553,තලවකැලේ
1554,තවලන්තැන්න
1555,තෙරිපේහා
1556,උඩමාදුර
1557,උඩපුස්සල්ලාව
1558,ඌව දීගල්ල
1559,ඌව උඩුවර
1560,ඌව-පරණගම
1561,වලපනේ
1562,වටවල
1563,විදුලිපුර
1564,විජේබාහුකන්ද
1565,අත්තනගඩවල
1566,බකමූණ
1567,දියබෙදුම
1568,ඇලහැර
1569,ගිරිතලේ
1570,හිඟුරක්දමන
1571,හිඟුරක්ගොඩ
1572,ජයන්තිපුර
1573,කාලිංගඇල
1574,ලක්ෂඋයන
1575,මන්කෙමි
1576,මින්නේරිය
1577,ඕනගම
1578,ඔරුබැඳි සියඹලාව
1579,පලුගස්දමන
1580,පනිචංකෙමි
1581,පොළොන්නරුව
1582,තල්පොත
1583,තඹල
1584,උණගලවෙහෙර
1585,විජයබාපුර
1586,අඩිප්පල
1587,අළුත්ගම
1588,අළුත්වැව
1589,අඹකඳවිල
1590,ආනමඩුව
1591,අඬිගම
1592,අඟුණවිල
1593,අත්තවිල්ලුව
1594,බංගදෙණිය
1595,බරණන්කට්ටුව
1596,බත්තුලුඔය
1597,බුජ්ජම්පොල
1598,හලාවත
1599,දලුකන
1600,දංකොටුව
1601,දේවගල
1602,දුම්මලසූරිය
1603,දුන්කන්නාව
1604,එළුවන්කුලම
1605,ඇත්තලේ
1606,ගලමුන
1607,ගල්මුරුව
1608,හංසයාපාලම
1609,ඉහළ කොට්ටාරමුල්ල
1610,ඉලිප්පදෙණිය
1611,ඉඟිනිමිටිය
1612,ඉස්මයිල්පුරම්
1613,ජයසිරිපුර
1614,කාක්කපල්ලිය
1615,කල්කුඩා
1616,කල්අඩිය
1617,කන්දකුලිය
1618,කරතිව්
1619,කරවිටාගාර
1620,කරුවලගස්වැව
1621,කටුනේරිය
1622,කොස්වත්ත
1623,කොට්ටන්තිව්
1624,කෝට්ටපිටිය
1625,කොට්ටුකච්චිය
1626,කුමාරකට්ටුව
1627,කුරින්ජන්පිටිය
1628,කුරුකැටියාව
1629,ලුණුවිල
1630,මාදම්පේ
1631,මදුරන්කුලිය
1632,මහකුඹුක්කඩවල
1633,මහඋස්වැව
1634,මාම්පිටිය
1635,මාම්පුරි
1636,මංගලඑළිය
1637,මාරවිල
1638,මුදලක්කුලිය
1639,මුගුණුවටවන
1640,මුක්කුතොඩුවාව
1641,මුන්ඩෙල්
1642,මුට්ටිබැඳිවිල
1643,නයිනමඩම
1644,නල්ලදරන්කට්ටුව
1645,නාත්තණ්ඩිය
1646,නවගත්තේගම
1647,නෙළුම්වැව
1648,නොරච්චෝලේ
1649,පල්ලම
1650,පල්ලිවාසල්තුරෙයි
1651,පනිරෙන්දව
1652,පරාක්‍රමසමුද්‍රය
1653,පොතුවටවන
1654,පුත්තලම
1655,පුත්තලම සිමෙන්ති කම්හල
1656,රජකදළුව
1657,සාලියවැව හන්දිය
1658,සේරුකැලේ
1659,සියඹලාගස්හේනේ
1660,තබ්බෝව
1661,තලවිල පල්ලිය
1662,තොඩුවාව
1663,උඩප්පුව
1664,උරිද්යාව
1665,වනාතවිල්ලුව
1666,වයික්කාල
1667,වතුගහමුල්ල
1668,වෙන්නප්පුව
1669,විජයකටුපොත
1670,විල්පොත
1671,යෝඩඇල
1672,යෝගියානා
1673,අකරැල්ල
1674,අමුනුමුල්ල
1675,අටකලන්පන්න
1676,අයගම
1677,බලන්ගොඩ
1678,බටතොට
1679,බෙරලපනතර
1680,බෝගහකුඹුර
1681,බොල්තුඹෙ
1682,බොම්ලුවගෙයින
1683,බෝවලගම
1684,බුලුතොට
1685,දඹුලුවාන
1686,දවුගල
1687,දෙල
1688,දෙල්වල
1689,දොඩම්පෙ
1690,දොලොස්වලකන්ද
1691,දුම්බර මනන
1692,ඇහැළියගොඩ
1693,එකමුතුගම
1694,ඇලපාත
1695,ඇල්ලගාව
1696,ඇල්ලඋල
1697,ඇල්ලවල
1698,ඇඹිලිපිටිය
1699,එරත්න
1700,එරෙපොල
1701,ගබ්බෙල
1702,ගන්ගෙයාය
1703,ගවරගිරිය
1704,ගිලීමලේ
1705,ගොඩකවැල
1706,ගුරුබෙවිලගම
1707,හල්වින්න
1708,හඳගිරිය
1709,හටංගල
1710,තරබාගේ
1711,හේවානකුඹුර
1712,හිදැල්ලන
1713,හිරමඩගම
1714,හොරේවෙලගොඩ
1715,ඉත්තකන්ද
1716,කහන්ගම
1717,කහවත්ත
1718,කලවාන
1719,කල්තොට
1720,කළුබුළුලන්ද
1721,කනන්කේ බසාර්
1722,කන්දෙපුහුල්පොල
1723,කරඳන
1724,කරංගොඩ
1725,කෑල්ල හන්දිය
1726,කැප්පෙටිපොළ
1727,කිරිඇල්ල
1728,කිරිඉබ්බන්වැව
1729,කොළඹගේ ආර
1730,කොළඹගම
1731,කොළොන්න
1732,කුඩාව
1733,කුරුවිට
1734,ලෙල්ලොපිටිය
1735,ඉමදූව
1736,ඉඹුල්පේ
1737,මහගම ජනපදය
1738,මහාවලතැන්න
1739,මාකඳුර
1740,මල්වල හන්දිය
1741,මල්වත්ත
1742,මතුවාගලගම
1743,මැදගලතුරේ
1744,මැද්දෙකන්ද
1745,මිණිපුර දුම්බර
1746,මිටිපොල
1747,මොරගල කිරිල්ලපොන
1748,මොරහැල
1749,මුල්ඇඩියාවල
1750,මුල්ගම
1751,නාවලකන්ද
1752,නාවින්නපින්නකන්ඳ
1753,නිරලගම
1754,නිවිතිගල
1755,ඕමල්පේ
1756,ඕපනායක
1757,පදලංගල
1758,පල්ලෙබැද්ද
1759,පල්ලෙකන්ද
1760,පඹගොල්ල
1761,පණාමුර
1762,පනාපොළ
1763,පරගල
1764,පරකඩුව
1765,පෙබොටුව
1766,පැල්මඩුල්ල
1767,පින්නවල
1768,පොත්දෙණිය
1769,රජවක
1770,රන්වල
1771,රාස්සගල
1772,රත්ගම
1773,රත්න හංගමුව
1774,රත්නපුර
1775,සෙවණගල
1776,ශ්‍රී පලාබද්දල
1777,සුදාගල
1778,තලකොළහින්න
1779,තන්ජන්තැන්න
1780,තෙප්පනාව
1781,තුංකම
1782,උඩකරවිට
1783,උඩනිරිඇල්ල
1784,උඩවලවේ
1785,උල්ලිඳුවාව
1786,වැද්දාගල
1787,විජේරිය
1788,වලේබොඩ
1789,වටාපොත
1790,වටුරාව
1791,වැලිගෙපොල
1792,වැලිපතයාය
1793,විකිලිය
1794,අග්බෝපුර
1795,බක්මීගම
1796,චීන වරාය
1797,දෙහිවත්ත
1798,එච්චිලම්පට්ටෙයි
1799,ගල්මැටියාව
1800,ගෝමරන්කඩවල
1801,කඩ්ඩයිපරිච්චන්
1802,කල්ලාර්
1803,කන්නියා
1804,කන්තලේ
1805,කන්තලේ සීනි කර්මාන්ත ශාලාව
1806,කිලිවෙද්දී
1807,කින්නියා
1808,කුච්චවේලි
1809,කුඹුරුපිද්දී
1810,කුරින්චකෙමි
1811,ලංකාපටුන
1812,මහදිවුල්වැව
1813,මහරුගිරමං
1814,මල්ලිකතිව්
1815,මාවඩ්චේන
1816,මුල්ලිපොතන
1817,මුතුර්
1818,නීලපොල
1819,නිලාවැලි
1820,පන්කුලම්
1821,පුල්මුඩේ
1822,රොට්ටවැව
1823,සම්පල්ටිවූ
1824,සාම්පූර්
1825,සේනුවර
1826,සේරුවිල
1827,සිරජ්නගර්
1828,සෝමපුර
1829,තම්පලකාමම්
1830,තුරෛනීලාවනයි
1831,තිරියයි
1832,තොප්පුර්
1833,තිරිකුණාමලය
1834,වනෙල
1835,වව්නියාව
1836,කොළඹ 1
1837,කොළඹ 3
1838,කොළඹ 4
1839,කොළඹ 5
1840,කොළඹ 7
1841,කොළඹ 9
1842,කොළඹ 10
1843,කොළඹ 11
1844,කොළඹ 12
1845,කොළඹ 14
1846,කොළඹ ලේකම්
1847,මෙල්ල වීදිය
1848,රයිෆල් වීදිය
1849,මැණික් සහ ස්වර්ණාභරණ
1850,ටොරින්ටන් චතුරශ්‍රය
1851,කොළඹ ජාතික කෞතුකාගාරය
1852,කොළඹ කම්කරු අංශය
1853,පොල්හේන්ගොඩ
1854,ඇන්ඩර්සන් ප්ලැට්ස්
1855,කැප්පෙටිපොළ මාවත
1856,නාරාහේන්පිට
1857,කිරුළපන
1858,කොළඹ විශ්වවිද්‍යාලය
1859,කොළඹ මහ රෝහල
1860,ගෝතමී පාර
1861,වනාතමුල්ල
1862,බේස්ලයින් පාර
1863,කෝපියාවත්ත
1864,මාලිගාවත්ත
1865,පංචිකාවත්ත
1866,සරසවිපාය
1867,මාලිගාකන්ද
1868,වුල්ෆෙන්ඩල් වීදිය
1869,පිටකොටුව බස් නැවතුම
1870,කොළඹ කච්චේරිය
1871,ආමර් වීදිය
1872,ශාන්ත අන්තෝනි
1873,මිරානියා වීදිය
1874,වාසල පාර
1875,නාගලගම් වීදිය
1876,අලුත් මාවත පාර
1877,මුට්වාල් දකුණ
1878,බැද්දගාන
1879,මාදිවෙල
1880,ශ්‍රී පැරකුම්පුර
1881,මිරිහාන උතුර
1882,නාවල-කොස්වත්ත
1883,නාවල
1884,රාජගිරිය
1885,ශ්‍රී ලංකා පාර්ලිමේන්තුව
1886,ඔබේසේකරපුර
1887,කලපලුවාව
1888,තලංගම උතුර
1889,තලංගම දකුණ
1890,ජයවර්ධනගම
1891,ඉසුරුපාය
1892,සෙත්සිරිපාය
1893,මාලබේ
1894,ඔරුවල
1895,පනාගොඩ යුද හමුදා කඳවුර
1896,මාගම්මන-දොලේකඩේ
1897,හෝමාගම නගරය
1898,ගොඩගම හන්දිය
1899,පනාගොඩ
1900,ගලවිලවත්ත
1901,කොට්ටාව
1902,පැලැන්වත්ත
1903,බටහිර ඇරැව්වල
1904,කොට්ටාව උතුර
1905,රුක්මලේ-පන්නිපිටිය
1906,මලපල්ල
1907,මත්තේගොඩ
1908,මිරිහාන
1909,උඩහමුල්ල
1910,කොහුවල
1911,පමුණුව - පතිරගොඩ
1912,සුදනපුර
1913,නාවින්න
1914,විද්‍යෝදය විශ්වවිද්‍යාලය
1915,පැපිලියාන
1916,කටුවාවල
1917,සුවරාපොල
1918,ගොරකපිටිය
1919,මාකන්දන
1920,කැස්බෑව
1921,බෝකුන්දර
1922,කහතුඩුව
1923,රත්මලාන උතුර
1924,සිරිමල් උයන
1925,රත්මලාන
1926,කොරලවැල්ල
1927,එගොඩඋයන උතුර
1928,එගොඩඋයන දකුණ
1929,ඉඳිබැද්ද
1930,මොරටුමුල්ල
1931,රාවතාවත්ත
1932,විල්ලෝරවත්ත
1933,ලුනාව
1934,ලක්ෂපතිය
1935,අඟුලාන
1936,කල්දෙමුල්ල
1937,කටුබැද්ද
1938,ලියනවල
1939,පෝරේගෙදර
1940,දම්පේ
1941,මලගල
1942,මීපේ හන්දිය
1943,පින්නවල-වග
1944,අංගම්පිටිය
1945,අරුක්වතුපුර
1946,කඳානපිටිය
1947,ගුරුලනා
1948,උඩුගම්කන්ද
1949,වත්තල
1950,බුල්නෑව
1951,කැබිතිගොල්ලෑව
1952,මාඩිපොල
1953,කරතොට
1954,ගඟුලන්දෙනිය
1955,ඉදල්ගස්හින්න
1956,අල්ලයිපිඩ්ඩි
1957,අල්ලවෙඩ්ඩි
1958,අල්වායි
1959,ආනයිකොඩ්ඩෙයි
1960,අනලතිව්
1961,අරලි
1962,අච්චුවේලි
1963,චංකානයි
1964,චාවකච්චේරි
1965,චුල්ලිපුරම්
1966,චුන්ඩිකුලි
1967,චුන්නාකම්
1968,ඩෙල්ෆ්ට් බටහිර
1969,ඩෙල්ෆ්ට්
1970,එළුවතිව්
1971,ඊරියාලයි
1972,ඉලවාලෙයි
1973,කන්කසන්තුරේ
1974,කරෙයිනගර්
1975,කරවෙඩ්ඩි
1976,කයිට්ස්
1977,කොඩිකාමම්
1978,කොකුවිල්
1979,කොන්ඩාවිල්
1980,කෝපායි
1981,කුඩාතනයි
1982,මල්ලාකම්
1983,මණ්ඩතිව්
1984,මනිපායි
1985,මාතගල්
1986,මීසාලෙයි
1987,මහියම්පති
1988,මිරුසුවිල්
1989,නාගර්කෝවිල්
1990,නාගේන්ද්‍රමඩම්
1991,නයිනතිව්
1992,නොරිස්සුම් සහගතයි
1993,පණ්ඩතෙරිප්පු
1994,පේදුරුතුඩුව
1995,පුලෝලි
1996,පුංගුඩුතිව්
1997,පුත්තූර්
1998,සන්දිලිපායි
1999,සංගරති
2000,සිතන්කර්නි
2001,සිවන්කෝවිලඩි
2002,තෙල්ලිප්පල්ලයි
2003,තොණ්ඩමනාරු
2004,උරුම්පිරායි
2005,වඩ්ඩුකොඩ්ඩෙයි
2006,වැල්වැටිතුරෙයි
2007,වරනි
2008,වාසවිලාන්
2009,වේලනයි
2010,ගුරුනගර්
2011,කයිතඩි
2012,නල්ලුර්
2013,තිරුනෙල්වේලි
2014,වන්නර්පොන්නයි
2015,අක්කරායන්කුලම්
2016,අලියාවලයි
2017,චෙම්පියන්පත්තුව
2018,අලිමංකඩ
2019,එළුතුමද්දුවල්
2020,ඉරණතිව්
2021,අයියකච්චි
2022,කවුතාරිමුනේ
2023,කොනාවිල්
2024,මුල්ලියන්
2025,මුරසුමෝඩයි
2026,පල්ලවරායන්කඩ්ඩු
2027,පරන්තන්
2028,පුලියම්පොක්කනයි
2029,පුනකාරි-නල්ලූර්
2030,රාමනාතපුරම්
2031,සිවපුරම්
2032,ස්කන්තපුරම්
2033,තලෙයියඩි
2034,තර්මපුරම්
2035,උරුතිරපුරම්
2036,වඩ්ඩකච්චි
2037,වන්නෙරික්කුලම්
2038,වෙරාවිල්
2039,විනයාගපුරම්
2040,අම්බල්නගර්
2041,චෙඩ්ඩියාකුරිච්චි
2042,චුන්ඩිකුලම්
2043,කල්මඩුනගර්
2044,කරඩිපොක්කු
2045,කිලේ
2046,කුංචුපරන්තන්
2047,මුහමාලේ
2048,පලෙයි
2049,සිවනගර්
2050,සෝරන්පත්තුව
2051,තිරුනගර්
2052,තිරුවයිආරු
2053,අලම්පිල්
2054,කරුප්පද්දමුරිප්පු
2055,මාන්කුලම්
2056,මුල්ලිවයික්කාල්
2057,මුල්ලියාවලයි
2058,මුත්තයියන්කඩ්ඩුකුලම්
2059,නද්දන්කන්ඩාල්
2060,ඔඩ්ඩුසුඩාන්
2061,පුදුක්කුඩිඉරිප්පු
2062,පුත්තුවෙද්දුවන්
2063,තුනුක්කායි
2064,උදයාර්කඩ්ඩු
2065,වව්නක්කුලම්
2066,විශ්වමඩුකුලම්
2067,යෝගපුරම්
2068,අම්පලවන්පොක්කනයි
2069,අනන්තපුරම්
2070,ඇතාවැටුණුවැව
2071,කොක්කිලායි
2072,කොක්කුතුඔඩුවායි
2073,කුමුලමුනෙයි
2074,මුලතිව්
2075,මුරුකන්ඩි
2076,වැලිඔය
2077,නෙඩුන්කේනි
2078,නෙරියකුලම්
2079,අලගල්ල
2080,ආණ්ඩියපුලියන්කුලම්
2081,ආසිකුලම්
2082,චෙඩ්ඩිකුලම්
2083,චෙමාමඩුකුලම්
2084,ඉරණයි ලුප්පයිකුලම්
2085,කල්මඩු
2086,ඉරට්ට පෙරියකුලම
2087,කනගරායන්කුලම්
2088,කන්නඩ්ඩි
2089,කැල බෝගස්වැව
2090,කෝවිල්කුලම්
2091,මඩුකන්ද
2092,මහාකච්චකොඩිය
2093,මාමඩුව
2094,මරදම්මඩුව
2095,මරයඩිතකුලම්
2096,මරුතෝඩෙයි
2097,මතවුවයිතකුලම්
2098,නයිනමඩු
2099,නෙලුක්කුලම්
2100,නොච්චිමොඩෙයි
2101,ඕමන්තයි
2102,පලාමොඩෙයි
2103,පම්පයිමඩු
2104,පාවක්කුලම ඒකකය 1
2105,පාවක්කුලම ඒකකය 2
2106,පෙරියතම්බානෙයි
2107,පෙරිය උළුක්කුලම
2108,පූවරසන්කුලම්
2109,පුලියන්කුලම
2110,සතිරිකුලන්කුලම්
2111,සින්නසිප්පිකුලම්
2112,තාණ්ඩිකුලම්
2113,වාරික්කුට්ටියූර්
2114,ආන්දන්කුලම්
2115,අඩම්පන්
2116,අරිප්පු
2117,ඇතිමොට්ටෙයි
2118,චිලාවතුරෙයි
2119,එරුක්කලම්පිඩ්ඩි
2120,ඉලුප්පයිකඩවයි
2121,කරිසල්
2122,කොක්කුපාදයන්
2123,මඩු පල්ලිය
2124,මඩු පාර
2125,මරිච්චිකඩ්ඩි
2126,මුල්ලිකුලම්
2127,මුරුන්කන්
2128,නානත්තන්
2129,පාලම්පිඩ්ඩි
2130,පල්ලිමුනෙයි
2131,පණ්ඩරවැලි
2132,පප්පමෝඩයි
2133,පරප්පන්කන්දල්
2134,පරප්පුකදන්තන්
2135,පෙරියකුංචිකුලම්
2136,පෙරියමඩු
2137,පෙරියපණ්ඩිවිරිච්චන්
2138,පේසාලෙයි
2139,පොට්කර්නි
2140,පුතුවේලි
2141,සූරියකඩ්ඩයිකාඩු
2142,තලෙයිමන්නාරම
2143,තලෙයිමන්නාරම පියර්
2144,තලෙයිමන්නාරම බටහිර
2145,තල්වුපාඩු
2146,තාරාපුරම්
2147,තිරුකේතීස්වරම්
2148,උයිලන්කුලම්
2149,උයිර්තරසංකුලම්
2150,වඩ්ඩකන්ඩාල්
2151,වංකලයි
2152,වෙල්ලන්කුලම්
2153,වෙප්පන්කුලම්
2154,විඩතලතිව්
2155,මාබෝල
