Name,Label
ඒ.එච්.එම්.එච්. අබයරත්න,POLN
ඒ.එම්.එම්.එම්. රත්වත්තේ,POLN
අබූබුකර් ආතම්බාව,POLN
අජන්තා ගම්මැද්දගේ,POLN
අජිත් අගලකඩ,POLN
අජිත් ගිහාන්,POLN
අජිත් පී. පෙරේරා,POLN
අම්බිකා සාමිවෙල්,POLN
අමිල ප්‍රසාද්,POLN
අමිර්තනාදන් අඩෛක්කලනාදන්,POLN
ආනන්ද වී.එම්.ජේපාල,POLN
අනිල් ජයන්ත,POLN
ඇන්ටන් ජයකොඩි,POLN
අනුර කරුණාතිලක,POLN
අනුරාධ ජයරත්න,POLN
අනුෂ්කා තිලකරත්න,POLN
අරවින්ද සෙනරත්,POLN
අර්ජුන සුජීව සේනසිංහ,POLN
අක්කම් ඉල්‍යාස්,POLN
අරුන් හේමචන්ද්‍ර,POLN
අරුණ පනාගොඩ,POLN
අශෝක ගුණසේන,POLN
අසිත නිරෝෂණ එගොඩ විතාන,POLN
අශෝක සපුමල් රන්වල,POLN
අතුල වෙළන්දගොඩ,POLN
බී ආරියවංශ,POLN
භාග්‍ය ​​ශ්‍රී හේරත්,POLN
බිමල් රත්නායක,POLN
සී.එච්.කේ. ගලප්පත්ති,POLN
චාමර සම්පත් දසනායක,POLN
චමින්ද ලලිත් කුමාර,POLN
චමින්ද ඊම්ජෙසිරි,POLN
චමින්ද්‍රනී කිරිඇල්ල,POLN
චම්පික හෙට්ටිආරච්චි,POLN
චානක මාදුගොඩ,POLN
චන්දන සූරියආරච්චි,POLN
චන්දන තෙන්නකෝන්,POLN
චන්දිම හෙට්ටිආරච්චි,POLN
චතුරංග අබේසිංහ,POLN
චිත්‍රාල් ප්‍රනාන්දු,POLN
ක්‍රිෂාන්ත අබේසේන,POLN
ඩී වී චානක,POLN
දම්මික පටබැඳි,POLN
ධනුෂ්ක රංගනාත්,POLN
ධර්මප්‍රිය විජේසිංහ,POLN
දයාසිරි ජයසේකර,POLN
දීප්ති වාසලගේ,POLN
දේවානන්ද සුරවීර,POLN
ධර්මප්‍රිය දිසානායක,POLN
දිලිප් වෙදආරච්චි,POLN
දිලිත් ජයවීර,POLN
දිනේෂ් හේමන්ත,POLN
දිනිඳු සමන් හෙන්නායක,POLN
ඊ.ශ්‍රීනාත්,POLN
ඊ.එම් බස්නායක,POLN
එරංග ගුණසේකර,POLN
එරංග වීරරත්න,POLN
ෆයිසර් මුස්තාපා,POLN
ෆස්මින් ෂරීෆ්,POLN
ජී.ජී. පොන්නම්බලම්,POLN
ගමගෙදර දිසානායක,POLN
ගයාන් ජානක,POLN
ගයන්ත කරුණාතිලක,POLN
ගීතා හේරත්,POLN
ඥානමුත්තු ශ්‍රීනේෂන්,POLN
හංසක විජේමුණි,POLN
හරිනි අමරසූරිය,POLN
හර්ෂ ද සිල්වා,POLN
හර්ෂණ නානායක්කාර,POLN
හර්ෂණ රාජකරුණා,POLN
හර්ෂණ සූරියප්පෙරුම,POLN
හසර ලියනගේ,POLN
හෙක්ටර් අප්පුහාමි,POLN
හේමාලි වීරසේකර,POLN
හේෂා විතානගේ අංකුඹුර ආරච්චි,POLN
හිනිදුම සුනිල් සෙනෙවි,POLN
හිරුණි විජේසිංහ,POLN
අයි.ඩබ්ලිව්.එම්.ජේ. වික්‍රමරත්න,POLN
ඉම්රාන් මහරුෆ්,POLN
ඉස්මයිල් මුත්තු මොහොමඩ්,POLN
අලවතුවල ජේ.සී,POLN
ජගත් ගුණවර්ධන,POLN
ජගත් මනුවර්ණ,POLN
ජගත් විතාන,POLN
ජානක සේනාරත්න,POLN
ජනිත රුවන් කොඩිතුවක්කු,POLN
ජීවන් තොණ්ඩමන්,POLN
කේ ඉලංකුමාරන්,POLN
කේ කාදර් මස්තාන්,POLN
කේ.ඩී. ලාල් කාන්ත,POLN
කේ.වී. සමන්ත විද්‍යාරත්න,POLN
කබීර් හෂීම්,POLN
කාංචනා වැලිපිටිය,POLN
කාන්තසාමි ප්‍රබු,POLN
කතිරවේලු ෂන්මුගම් කුගතාසන්,POLN
කෞෂල්‍යා ආරියරත්න,POLN
කවීන්තිරන් කෝඩීස්වරන්,POLN
කාවින්ද හේෂාන් ජයවර්ධන,POLN
කින්ස් නෙල්සන්,POLN
කිට්නන් සෙල්වරාජ්,POLN
ක්‍රිෂ්ණන් කලෙයිචෙල්වි,POLN
කුමාර ජයකොඩි,POLN
එල්.එම්. අබේවික්‍රම,POLN
ලක්මාලි හේමචන්ද්‍ර,POLN
ලක්ෂ්මන් නිපුන ආරච්චි,POLN
ලාල් ප්‍රේමනාත්,POLN
ලසිත් භාෂණ ගමගේ,POLN
ප්‍රගීත් මධුරංග,POLN
එම් නිසාම් කාරියප්පර්,POLN
එම්.ඒ.සී.එස්. චතුරි ගංගානි,POLN
එම්.ඒ.එම්. තාහීර්,POLN
එම්.කේ.එම්. අස්ලාම්,POLN
එම්.එල්.ඒ.එම්. හිස්බුල්ලා,POLN
මෙනෙවිය. උතුමාලෙබ්බේ,POLN
මධුර සෙනෙවිරත්න,POLN
අරුණ ජයසේකර,POLN
ජී.ඩී.සූරියබණ්ඩාර,POLN
මංජුල සුගත් රත්නායක,POLN
මංජුල සුරවීර ආරච්චි,POLN
මනෝ ගනේෂන්,POLN
මනෝජ් රාජපක්ෂ,POLN
මයිල්වාගනම් ජෙගතීස්වරන්,POLN
මුහම්මද් ෆයිසාල්,POLN
මුජිබර් රහ්මාන්,POLN
මුනීර් මුලෆර්,POLN
නජිත් ඉන්දික,POLN
නලින් බණ්ඩාර ජයමහ,POLN
නලින් හේවගේ,POLN
නලින්ද ජයතිස්ස,POLN
නාමල් කරුණාරත්න,POLN
නාමල් රාජපක්ෂ,POLN
නාමල් සුදර්ශන,POLN
නන්ද බණ්ඩාර,POLN
නන්දන මිල්ලගල,POLN
නන්දන පත්මකුමාර,POLN
නයනා වාසලතිලක,POLN
නිහාල් අබේසිංහ,POLN
නිහාල් ගලප්පත්ති,POLN
නිලන්ති කොට්ටහච්චි,POLN
නිලූෂා ලක්මාලි ගමගේ,POLN
නිමල් පලිහේන,POLN
නිශාන්ත පෙරේරා,POLN
නිශාන්ත සමරවීර,POLN
ඔෂානි උමංගා,POLN
පී රුවන් සෙනරත්,POLN
පද්මසිරි බණ්ඩාර,POLN
පලනි තිගාම්බරම්,POLN
පද්මනාදන් සත්‍යලිංගම්,POLN
ප්‍රසන්න ගුණසේන,POLN
ප්‍රියන්ත විජේරත්න,POLN
ආර්.එම්. රංජිත් මද්දුම බණ්ඩාර,POLN
ආර්.ජී. විජේරත්න,POLN
ආර්.එම්. ගාමිණී රත්නායක,POLN
ආර්.එම්. ජයවර්ධන,POLN
ආර්.එම්. සමන්ත රණසිංහ,POLN
රජීවන් ජෙයචන්ද්‍රමූර්ති,POLN
රාමලිංගම් චන්ද්‍රසේකර්,POLN
රාමනාදන් අර්චූන,POLN
රත්න ගමගේ,POLN
රවුෆ් හකීම්,POLN
රවී කරුණානායක,POLN
රවීන්ද්‍ර බණ්ඩාර,POLN
රිෂාඩ් බදියුදීන්,POLN
රියාස් ෆාරුක්,POLN
රිස්වි සාලිහ්,POLN
රෝහණ බණ්ඩාර,POLN
රෝහිණී කුමාරි විජේරත්න,POLN
රෝහිත අබේගුණවර්ධන,POLN
රොෂාන් අක්මීමන,POLN
රුවන් මාපලගම,POLN
රුවන් රණසිංහ,POLN
රුවන් විජේවීර,POLN
රුවන්තිලක ජයකොඩි,POLN
එස් නානායක්කාර,POLN
එස් ශ්‍රී බවානන්දරාජා,POLN
එස්.තිලගනාදන්,POLN
එස්.එම්. මරික්කාර්,POLN
එස්.පී.එස්.එම්. ජයසිංහ,POLN
සාගරිකා අතාවුද,POLN
සජිත් ප්‍රේමදාස,POLN
සමන්මලී ගුණසිංහ,POLN
සඳරුවන් මදාරසිංහ,POLN
සංජීව රණසිංහ,POLN
සරත් කුමාර,POLN
සරෝජා සාවිත්‍රි පෝල්රාජ්,POLN
ශානකියන් රාජපුතීරන් රසමානික්කම්,POLN
ශාන්ත පත්ම කුමාර සුබසිංහ,POLN
සිවඥානම් ශ්‍රීදරන්,POLN
ස්ටෙප්නි ප්‍රනාන්දු,POLN
සුදත් බලගල්ල,POLN
සුගත් තිලකරත්න,POLN
සුගත් වසන්ත ද සිල්වා,POLN
සුජීව දිසානායක,POLN
සුජිත් සංජය පෙරේරා,POLN
සුන්දරලිංගම් ප්‍රදීප්,POLN
සුනිල් බියන්විල,POLN
සුනිල් හඳුන්නෙත්ති,POLN
සුනිල් කුමාර ගමගේ,POLN
සුනිල් රාජපක්ෂ,POLN
සුනිල් රත්නසිරි,POLN
සුනිල් වටගල,POLN
සුරංග රත්නායක,POLN
සුසන්ත දොඩාවත්ත,POLN
සුසන්ත කුමාර නවරත්න,POLN
සුසිල් රණසිංහ,POLN
ටී බී සරත්,POLN
ටී.කේ.ජයසුන්දර,POLN
තනුර දිසානායක,POLN
තිලංක යූ.ගමගේ,POLN
තිළිණ සමරකෝන්,POLN
තුරෙයිරාසා රවිකරන්,POLN
තුෂාරි ජයසිංහ,POLN
යූ.පී.අබේවික්‍රම,POLN
උපාලි පන්නිලගේ,POLN
උපාලි සමරසිංහ,POLN
උපුල් කිත්සිරි,POLN
වී.එස්. රාධක්‍රිෂ්ණන්,POLN
විජිත හේරත්,POLN
ඩබ්ලිව්.එච්.එම් ධර්මසේන,POLN
වරුණ ලියනගේ,POLN
වසන්ත පියතිස්ස,POLN
වසන්ත පුෂ්ප කුමාර,POLN
වසන්ත සමරසිංහ,POLN
විජේසිරි බස්නායක,POLN
අජිත් කුමාර මාන්නප්පෙරුම,POLN
ඒ අලගියවන්න ලසන්ත,POLN
ඒ. අරවින්ද් කුමාර්,POLN
ඒ.ඒ. අප්පුහාමිලගේ දොන් සෝමදාස ගුණවර්ධන මුණසිංහ කාරියවසම්,POLN
ඒ.ඒ. රන්ජන් ලියෝ සිල්වෙස්ටර් රාමනායක,POLN
ඒ.ඒ. විජේතුංග,POLN
ඒ.එච්.එම්. අස්වර්,POLN
අබයගුණසේකර අහංගම විතානගේ ඔස්වින් නන්දිමිත්‍ර,POLN
අබයකෝන් දිමුතු බණ්ඩාර,POLN
අබ්දුල් අලි සබ්රි මොහොමඩ් රහීම්,POLN
අබ්දුල් කාදර් ඒ.ආර්.එම්,POLN
අබ්දුල් කෆූර් මොහොමඩ් ෆාලිල්,POLN
අබ්දුල් හලීම්,POLN
අබ්දුල් හමීඩ් මොහොමඩ් ෆවුසි,POLN
අබ්දුල් මජීඩ් අබ්දුල් ලතීෆ්,POLN
අබ්දුල් මජීඩ් මොහොමඩ් ඉස්මයිල්බේ මොහොමඩ්,POLN
අබ්දුල් මජීඩ් මොහොමඩ් නජීබ්,POLN
අබ්දුල් මජීඩ් මොහොමඩලි අහමඩ්,POLN
අබ්දුල් මජීඩ් සෙයිඩ් අහමඩ්,POLN
අබ්දුල් රහ්මාන් අන්ජාන් උම්මා,POLN
අබ්දුල් රහුමාන් ඉෂාක්,POLN
අබ්දුල් රවුෆ් අබ්දුල් හෆීස්,POLN
අබේගුණසේකර එඩ්වින් විල්ෆ්‍රඩ්,POLN
අබේගුණසේකර ජෝර්ජ් හෙක්ටර්,POLN
අබේදීර හැරී,POLN
අබේගුණවර්ධන විජේසේකර දොන් සයිමන්,POLN
අබේගුණවර්ධන හෙන්රි ඩයස්,POLN
අබේගුණසේකර දිල්ෂාඩ් රොහාන් තිස්ස,POLN
අබේකෝන් අබේකෝන් මුදියන්සේලාගේ මහින්ද,POLN
අබේකෝන් රත්නායක මුදියන්සේලාගේ,POLN
අබේරත්න හේරත් බණ්ඩා,POLN
අබේරත්න කපිල්,POLN
අබේරත්න ලොයිඩ් ඔස්කාර්,POLN
අබේසේකර වලිමුණි මෙන්ඩිස් ප්‍රියන්ජිත් හේමන්ත සිසිර කුමාර,POLN
අබේසිංහ ඇලෙක්සැන්ඩර් නිකලස් ද ආබෲ,POLN
අබේසුන්දර ගැමුණු,POLN
අබේසුන්දර සුනිල් සුබසිරි,POLN
අබේවීර සුමිතා ප්‍රියංගේනි,POLN
අබේවික්‍රම ආනන්ද ජයන්ත,POLN
අබේවික්‍රම හෙන්රි,POLN
අබේවික්‍රම කීර්තිලතා ප්‍රේමවතී,POLN
අබේවික්‍රම කීර්තිසේන චන්ද්‍රදාස,POLN
අබේවික්‍රම සයිමන්,POLN
අබේවික්‍රම සුමනදාස,POLN
අභයවර්ධන කුසල විචිත්‍ර,POLN
අභිරහම් සුමන්තිරන් මතියපරණං,POLN
අබූසලි මොහොමඩ් ලෙබ්බේ මරික්කාර්,POLN
අබු බකර් සෙල්ලතුරෙයි සුන්දරමූර්ති මොහොමඩ්,POLN
අබුබකර් අබ්දුල් රසාක් අලිම් මොහොමඩ්,POLN
අචලා ජාගොඩ,POLN
ආච්චිගේ දොන් විතාන ලක්ෂ්මන් වසන්ත පෙරේරා,POLN
ආච්චිගේ පාඨලී චම්පික රණවක,POLN
අදිකාරි අදිකාරි මුදියන්සේලාගේ අප්පුහාමි,POLN
අදිකාරි අදිකාරි මුදියන්සේලාගේ සෝමපාල,POLN
අදිකාරි ජනක් මහේන්ද්‍ර,POLN
ඒන්ස්ලම් පෙරේරා බෝදියබදුගේ ඩිලාන් ප්‍රියංජන්,POLN
අහමදුලෙබ්බේ මොහොමදු නසීර්,POLN
අහම්බරම් තම්බයියා,POLN
අහමඩ් ෆරීත් මීරා ලෙබ්බේ,POLN
අහමඩ් සෙනුලාබ්දීන් නසීර්,POLN
අහමඩ් මොහොමඩ් කාසිම්,POLN
අජිත් කුමාර ගල්බොක්ක හේවගේ,POLN
අජිත් නිවාඩ් කබ්රාල්,POLN
අජිත් රාජපක්ෂ,POLN
අකිල එල්ලාවල,POLN
අකිල විරාජ් කාරියවසම්,POLN
අකුරුගොඩ සේපාල,POLN
අලලාසුන්තරම් ආරුමුගම් මුරුගේසු,POLN
අලහකෝන් උපාලි සෝමසිරි,POLN
අලහප්පෙරුම ඩලස්,POLN
අලවතුවල සෝමවීර විජේසිංහ,POLN
අලවි අහමඩ් හසන් මොහොමඩ්,POLN
ඇල්කොක් නෝමන් චාල්ස්,POLN
ඇලෙගකෝන් වර්ස්පිල්ලෙයි ඇල්බට්,POLN
අලි සහීර් මවුලානා සේයාද්,POLN
අලුත්ගමගේ ආනන්ද අලුත්ගමගේ,POLN
අලුත්ගමගේ මහින්දානන්ද,POLN
අලුත්ගමගේ මීතලාවේ සයිමන්,POLN
අලුවිහාරේ රංජිත්,POLN
අලුවිහාරේ වසන්ත,POLN
අලුවිහාරේ උඩවලව්වේ බර්නාඩ් හර්බට්,POLN
අලුවිහාරේ වනිගසේකර බණ්ඩාරනායක වාසල මුදියන්සේ රාළහාමිලගේ ඇලික්,POLN
අමර ධර්මවිජය විජයසේකර දහනායක,POLN
අමරකීර්ති අතුකෝරල,POLN
අමරකීර්ති දයාවතී විමලසුන්දර,POLN
අමරසිරි ගාර්දියේ හේවාවසම් දොඩංගොඩගේ,POLN
අමරසිරි මාතරගේ සිරිසේන,POLN
අමරසිරි මාතරගේ උපාලි සරත් ඩන්ස්ටන්,POLN
අමරසූරිය හෙන්රි වුඩ්වර්ඩ්,POLN
අමරසූරිය තෝමස්,POLN
අමරතුංග ජෝන් ඇන්තනි එමානුවෙල්,POLN
අමරතුංග ජෝන් එඩ්මන්ඩ්,POLN
අමරවීර මහින්ද,POLN
අඹතැන්න දේවාලගේ ප්‍රේමදාස ය,POLN
අමීර් අලි සෙයිඩ් මොහොමඩ් ෂිහාබ්දීන්,POLN
අමිර්තලිංගම් අප්පාපිල්ලේ,POLN
අමිත් මොහොමඩ් හසීම්,POLN
අමිත් තේනුක විදානගමගේ,POLN
අමුණුගම දිලුම් සුරාජ් බණ්ඩාර,POLN
අනන්තම් සීමාන්පිල්ලේ මුදලියාර්,POLN
අංගජන් රාමනාදන්,POLN
අන්නමලෙයි නඩේසු සිවශක්ති,POLN
අන්නමලේ වේලූ,POLN
අනෝමා ගමගේ,POLN
අන්තින්න මරක්කලගේ ලීල් චාමික බුද්දදාස,POLN
ඇන්ටන් දයාශ්‍රිත තිසේරා,POLN
ඇන්ටනි නිමල් ලාන්සා,POLN
ඇන්ටනි වික්ටර් පෙරේරා බියන්විලගේ,POLN
අනුප පියුම් පැස්කුවල්,POLN
අනුර කුමාර දිසානායක,POLN
අනුර ප්‍රියදර්ශන යාපා,POLN
අනුර සිඩ්නි ජයරත්න,POLN
අනුරුද්ධ රණසිංහ ආරච්චිගේ රොෂාන්,POLN
අප්පාතුරෙයි විනයාගමූර්ති,POLN
අප්පුහාමිලගේ රෝහණ පුෂ්පකුමාර,POLN
අප්පුහාමි රත්නායක මුදියන්සේලාගේ,POLN
ආරච්චිගේ චමින්ද ජානක තිසාකුට්ටි,POLN
ආරච්චිගේ ගනේපොල දුලිප් පණ්ඩුල පෙරේරා විජේසේකර,POLN
ආරච්චිගේ ජගත් බාලසූරිය,POLN
ආරච්චිගේ මුතුහෙට්ටි නිමල් සෙනරත් විජේසිංහ,POLN
ආරච්චිගේ සරත් කුමාර ගුණරත්න,POLN
අරඹේවල දොන් සුගතදාස ද සිල්වා,POLN
ආරියදාස දිසානායක මුදියන්සේලාගේ,POLN
ආරියදාස වැලිගම පොල්වත්ත ගලප්පත්තිගේ,POLN
ආරියනේත්තිරන් පාක්කියසෙල්වම්,POLN
ආරියරත්න දිසානායක මුදියන්සේලාගේ,POLN
ආරියතිලක පියදිගමගේ ගාමිණී,POLN
ආරියවංශ චන්ද්‍රසිරි සූරියආරච්චි,POLN
අර්ජුන රණතුංග,POLN
අරුලම්පලම් චින්නයියා,POLN
අරුමදුර ලෝරන්ස් රොමේල් දුමින්ද සිල්වා,POLN
ආරුමුග තොණ්ඩමන්,POLN
ආරුමුගම් කන්දයියා ප්‍රේමචන්ද්‍රන්,POLN
අරුන්දික ප්‍රනාන්දු,POLN
අසංක නවරත්න,POLN
අසෙන්කුදූස් සෙයිනුදින් මරික්කාර්,POLN
අශෝක් අබේසිංහ,POLN
අශෝක ප්‍රියන්ත,POLN
අෂ්රොෆ් මොහොමඩ් හුසේන් මොහොමඩ්,POLN
අස්ලාම් මොහොමඩ් සලීම් මොහොමඩ්,POLN
අතපත්තු දොන් පීටර්,POLN
අතපත්තු රංජිත් කනිස්ක පරාක්‍රම,POLN
අතාවුල්ලා අහමඩ් ලෙබ්බේ මරික්කාර්,POLN
අතාවුද සෙනෙවිරත්න,POLN
අතුකෝරලලාගේ පැලවත්තේ කපිල නුවන් අතුකෝරල,POLN
ඇතුලත්මුදලි දොන් ඩැනියෙල්,POLN
ඇතුලත්මුදලි ලලිත් විලියම්,POLN
ඇතුලත්මුදලි ශ්‍රීමනී අනෝමා,POLN
අතුරලියේ රතන හිමි,POLN
අත්තනායක අත්තනායක මුදියන්සේලාගේ රම්බණ්ඩා,POLN
ආටිගල අතුල කුලරත්න,POLN
ආටිගල සිරිල් ඉයුජින්,POLN
ආටිගල ධනපාල පියදාස,POLN
ආටිගල ධර්මසේන,POLN
අතුකෝරළ ගාමිණී,POLN
අසීස් අබ්දුල්,POLN
බක්මීවැව නිහාල් යසේන්ද්‍ර,POLN
බාලචන්ද්‍රන් වයිතිලිංගම්,POLN
බලල්ලේ තිස්ස රෙජිනෝල්ඩ්,POLN
බාලසුන්දරම් මුරුගේසු,POLN
බාලසූරිය බාලසූරිය ආරච්චිගේ පුංචි බණ්ඩා,POLN
බඹරපනේ මුතු බණ්ඩා,POLN
බණ්ඩා මොහොට්ටාලගේ ඩිංගිරි,POLN
බණ්ඩාර දිසානායක මුදියන්සේලාගේ තිලකරත්න,POLN
බණ්ඩාර කුලතුංග දිසානායක මුදියන්සේලාගේ චන්ද්‍රසෝම,POLN
බණ්ඩාර රත්නායක මුදියන්සේලාගේ,POLN
බණ්ඩාරනායක අනුර ප්‍රියදර්ශී සොලමන් ඩයස්,POLN
බණ්ඩාරනායක ෆීලික්ස් රෙජිනෝල්ඩ් ඩයස්,POLN
බණ්ඩාරනායක සිරිමා රත්වත්තේ ඩයස්,POLN
බණ්ඩාරනායක සොලමන් වෙස්ට් රිජ්වේ ඩයස්,POLN
බණ්ඩාරනායක බණ්ඩාරනායක මුදියන්සේලාගේ පුංචි බණ්ඩා,POLN
බණ්ඩාරනායක දිසානායක මුදියන්සේලාගේ,POLN
බණ්ඩාරනායක රත්නසේකර රාළහාමිලාගේ ඩයස්,POLN
බණ්ඩාරනායක සැමුවෙල් ඩයස්,POLN
බන්දුල ගුණවර්ධනය,POLN
බන්දුල ලාල් බණ්ඩාරිගොඩ,POLN
බර්නාඩීන් රෝස් සේනානායක,POLN
බෂීර් අමීර් අසීස්,POLN
බෂීර් සේගු දාවුඩ්,POLN
බැසිල් රෝහණ රාජපක්ෂ,POLN
බාස්කරන් තුරෙයිරාජා,POLN
බාස්කරන් උමාපතිසිවම්,POLN
බස්නායක මුදියන්සේලාගේ දිල්හාන් තාරානාත් බස්නායක,POLN
බස්නායක යසරත්නලාගේ ගුණපාල රත්නසේකර,POLN
බස්නායක බන්දුල,POLN
බස්නායක බස්නායක අප්පුහාමිලාගේ ඒබ්‍රහම් තිසේරා,POLN
බැස්ටියන් අනුර,POLN
බටුවන්තුඩාවේ චාල්ස්,POLN
බටුවන්තුඩාවේ උපාලි,POLN
බෞද්ධසාර පුස්සේවෙල ලියනගේ,POLN
බෙලිගම්මන රත්නායක මුදියන්සේලාගේ චන්ද්‍රසේන රත්නායක,POLN
කළු ක්ලෙමන්ට් ජොන්ස්ටන්,POLN
බෝපාගොඩ හෙට්ටිආරච්චිගේ විජේපාල,POLN
බ්‍රෝහියර් එරික් ස්ටැන්ලි,POLN
බුද්ධික පතිරණ,POLN
බුහාර්දීන් එන්.එම්.,POLN
බුලන්කුලමේ පුංචි බණ්ඩා,POLN
බුවනසුන්තරරාජා ත්‍යාගරාසා,POLN
කාදර් ඊබ්‍රාහිම් අදහාම් අබ්දුල්,POLN
කනගරත්නම් මයිල්වාගනම්,POLN
කනගරත්නම් සින්නකුට්ටි ඔඩයාර්,POLN
කනගසබාපති විශ්වලිංගම් වික්නේෂ්වරන්,POLN
Carron Thomas Vernon Koertsz,POLN
කැරී මොරිස් ජෝන්,POLN
කැසිනේඩර් ගුණරාසා කුමාරයා,POLN
චක්‍රවර්ති පණ්ඩුකාභය ඩයස් බණ්ඩාරනායක,POLN
චමල් රාජපක්ෂ,POLN
චන්දිම වීරක්කොඩි,POLN
චන්ද්‍ර නේරු ආරියනායගම්,POLN
චන්ද්‍රජිත් ආශුබෝධ මාරසිංහ,POLN
චන්ද්‍රකුමාර් මුරුගේසු,POLN
චන්ද්‍රනේරු චන්ද්‍රකාන්තන්,POLN
චන්ද්‍රපාල දෙබහේපුවේ මුදියන්සේලාගේ,POLN
චන්ද්‍රසේකර හේරත් හිටිහාමි කෝරළගේ සමන්සිරි,POLN
චන්ද්‍රසේකර රෝහිත බණ්ඩාර බෝගොල්ලාගම,POLN
චන්ද්‍රසිරි දම්පහලගේ දොන් සෝමවීර,POLN
චන්ද්‍රසිරි සෝමවීර,POLN
චන්න සුදත් ජයසුමන,POLN
චතුර සංදීප සේනාරත්න නම්බුකාර හැලඹගේ,POLN
චෙල්වනායගම් සැමුවෙල් ජේම්ස් වේළුපිල්ලේ,POLN
චින්තක අමල් මායාදුන්න,POLN
චොක්සි කයිර්ෂාස්ප් නාරිමන්,POLN
චූල බණ්ඩාර රත්නායක මුදියන්සේලාගේ රංජිත්,POLN
කොල්ලුරේ ඩැරල් චන්ද්‍ර රාජා,POLN
කූම්බේ රොබට් ගෝර්ටන්,POLN
කුරේ බුලත්සිංහලගේ සිරිසේන,POLN
කුරේ එඩ්වඩ් ඒබ්‍රහම්,POLN
කුරේ මාන්නමරක්කලගේ මර්වින් ජෝශප්,POLN
කුරේ නාවලගේ බෙනට්,POLN
කුරේ පේස්ටරුවැලියනරැල්ලගේ ඇන්ඩෘ,POLN
කොරියා ජෝර්ජ් ක්ලෝඩ් ස්ටැන්ලි,POLN
කොරයා හරින්ද්‍ර ජයන්ති,POLN
කොරයා ශ්‍රීකුමාරදාස චාල්ස් ෂර්ලි,POLN
සිරිල් පටබැඳි මද්දුම බදුගේ,POLN
ඩී වීරසිංහ,POLN
ඩී.බී. හේරත්,POLN
ඩී.එම්. ස්වාමිනාදන්,POLN
දහනායක විජයානන්ද,POLN
දහනායක විජේසේකර සුමනපාල,POLN
ඩැනියෙල් මහහිතන ආරච්චිගේ,POLN
ඩැනියෙල් මහහිතන ආරච්චිගේ අනුර,POLN
ඩැනියෙල් මහහිතන ආරච්චිගේ රූපා ශ්‍රියානි,POLN
දසනායක දසනායක මුදියන්සේලාගේ,POLN
දසනායක කේ.එච්.ඩබ්ලිව්. සෝමසාර,POLN
දසනායක දසනායක මුදියන්සේලාගේ ආනන්ද,POLN
දසනායක දසනායක මුදියන්සේලාගේ ලොකු බණ්ඩා,POLN
දසනායක දසනායක මුදියන්සේලාගේ ශාන්ත කුමාර,POLN
දසනායක හෙවනනාආරච්චිගේ අයිවන් ටිඩී,POLN
දසනායක උපාලි මර්වින් සෙනරත්,POLN
දසනායක ස්ටීවන් විලියම්,POLN
දයා ගමගේ,POLN
අක්මීමන දයාරතන හිමි,POLN
ද අල්විස් මහා අමරසිංහගේ ආනන්දතිස්ස,POLN
ද අල්විස් විලියම් නීල්,POLN
ද ෆොන්සේකා කළුතරවැඩගේ දීපාල් සුසන්ත,POLN
ද මෙල් හෙන්රි ලෝසන්,POLN
ද මෙල් හියු එඩ්මන්ඩ් පීටර්,POLN
ද මෙල් රෙජිනෝල්ඩ් ඒබ්‍රහම්,POLN
ද මෙල් Ronald Joseph Godfrey,POLN
ද මෙල් විදානේලාගේ විමලසිරි ප්‍රේමනාථ,POLN
ද සිල්වා ආතර් හියුබට්,POLN
ද සිල්වා චාල්ස් එඩ්වඩ් පෙරී,POLN
ද සිල්වා චාල්ස් පර්සිවල්,POLN
ද සිල්වා කොල්වින් රෙජිනෝල්ඩ්,POLN
ද සිල්වා දංගෙදර ගමගේ ඇල්බට්,POLN
ද සිල්වා එඩ්මන්ඩ් Fredrick Lorenz,POLN
ද සිල්වා ජෝර්ජ් එඩ්මන්ඩ්,POLN
ද සිල්වා ජෝර්ජ් රෙජිනෝල්ඩ්,POLN
ද සිල්වා ගෝනපීනුවල විතානගේ සිරිසේන,POLN
ද සිල්වා හෙට්ටිහේවගේ චන්ද්‍රමණ්ඩේ,POLN
ද සිල්වා කුට්ටි චූලානන්ද,POLN
ද සිල්වා ලොකුගේ චන්ද්‍රදාස,POLN
ද සිල්වා මාකලන්දගේ ජෝශප්,POLN
ද සිල්වා මෙරිල් වර්නොන්ඩේ,POLN
ද සිල්වා පේදුරු හේවා විලියම්,POLN
ද සිල්වා පෙට්ටගන් අශෝක වීරසිංහ,POLN
ද සිල්වා පෙට්ටගන් ඩෙඩ්‍රෙක් වීරසිංහ,POLN
ද සිල්වා රුවන්පුර ලක්ෂ්මන්දේ,POLN
ද සිල්වා වලිනෙට්ටි ඩැනිස්ටර්,POLN
ද සිල්වා වොල්වින් ආර්නෝල්ඩ්,POLN
ද සිල්වා විල්මට් ආතර්,POLN
ද සිල්වා යකුපිටි පියසේන,POLN
ද සොයිසා අගම්පොඩි පවුලස්,POLN
ද සොයිසා අජන්තා ප්‍රැන්සිස්,POLN
ද සොයිසා එරත්නවල්ලි ඉන්ද් රසේනදේ,POLN
ද සොයිසා ප්‍රැන්සිස්,POLN
ද සොයිසා ගරුමුණි ආතර් වික්‍රමරත්න,POLN
ද සොයිසා ගරුමුණි රොබට්,POLN
ද සොයිසා හොණ්ඩමුණි ඉයන් ඇලෝසියස්,POLN
ඩී සොයිසා මනමැල්දුර පියදාස,POLN
ද සොයිසා රන්නුලු නන්දිමිත්‍ර ජී.,POLN
ද සොයිසා ස්ටැන්ලි,POLN
දෙහිවල ලියනගේ එඩ්වඩ් ගුණසේකර,POLN
දෙල්ලබඩ බටවලගේ අශෝක ජයවර්ධන,POLN
දෙළුන්ගහවත්ත විජේතුංග මුදියන්සේ රාළහාමිලාගේ සිරිසේන බණ්ඩාර,POLN
දේවනායගම් කනපතිපිල්ලේ විලියම්,POLN
දේවරාජ් පෙරියන්නන් පිල්ලේ,POLN
ඩිව් ගුණසේකර,POLN
ධර්මලිංගම් විශ්වනාදර්,POLN
ධර්මපාල කැන්දඋඩ ආරච්චිගේ,POLN
ධර්මරත්නම් සබාපතිපිල්ලේ,POLN
ධර්මවර්ධන වෙන්ඩකෝන් මුදියන්සේලාගේ සුජාතා කාන්තිමතී,POLN
ඩයස් දොන් වින්සන්ට්,POLN
දිඹුලේන් එඩ්මන්ඩ් බර්නාඩ්,POLN
දිනේන්ද්‍ර රුවන් විජේවර්ධන,POLN
දිනේෂ් චන්ද්‍ර රූපසිංහ ගුණවර්ධන,POLN
දිසානායක මුදියන්සේලාගේ ජයරත්න,POLN
දිසානායක විමලවීර,POLN
දිසානායක බර්ටි ප්‍රේමලාල්,POLN
දිසානායක දිසානායක මුදියන්සේලාගේ ඇන්ඩෘ,POLN
දිසානායක දිසානායක වන්නෝකුරලලාගේ අමර භද්‍ර,POLN
දිසානායක හෙන්රි විලියම්,POLN
දිසානායක ජයසිංහ මුහන්දිරම් ඩොනල්ඩ්,POLN
දිසානායක ලලිත්චන්ද්‍ර බුද්ධිසිරි,POLN
දිසානායක ලයනල් ගාමිණී,POLN
දිසානායක මුදියන්සේගේ සුද්දහාමි,POLN
දිසානායක පුංචි බණ්ඩා,POLN
දිසානායක උපාලි නවරත්න බණ්ඩාර,POLN
දිසානායක වීරසූරිය දිසානායක මුදියන්සේලාගේ පුංචි බණ්ඩා,POLN
දොඩම්ගොඩ දිනේෂ් දුෂ්‍යන්ත,POLN
දොඩම්ගොඩගේ දොන් විජේපාල වික්‍රමරත්න,POLN
දොන් චන්දිම ගමගේ,POLN
ඩග්ලස් දේවානන්ද,POLN
ඩ්‍රහමන් මොහොමඩ් පර්විස්,POLN
දුමින්ද දිසානායක,POLN
දුනේෂ් ගන්කන්ද,POLN
දුනුතිලක මුදියන්සේලාගේ රේණුකා මැණිකේ හේරත්,POLN
දුනුවිල්ලේ ටිකිරිබණ්ඩා හරින්ද්‍රනාත්,POLN
දුරෙයිස්වාමි වයිටියලිංගම්,POLN
දොරේඅප්පා ඇල්ෆ්‍රඩ් තංගරාජා,POLN
අර්ල් සරත් වික්‍රමසිංහ ගුණසේකර,POLN
ඊස්වරපතම් සරවනපවන්,POLN
ඊබ්‍රහිම් මීරක්කුඩි මොහොමඩ්,POLN
එදිරිසූරිය චාල්ස් ෆ්‍රැන්සිස් වර්ණකුල,POLN
එදිරිසූරිය ටෙනිසන්,POLN
එදිරිවීර මධුරපාල,POLN
ඒකනායක ටී.බී.,POLN
ඒකනායක විල්ප්‍රඩ් බණ්ඩාර,POLN
ඒකනායක අප්පුහාමිගේ ඩිංගිරි බණ්ඩා,POLN
ඒකනායක ඒකනායක මුදියන්සේලාගේ හේරත් බණ්ඩා,POLN
ඒකනායක ඒකනායක මුදියන්සේලාගේ රන් බණ්ඩා,POLN
ඒකනායක ඒකනායක මුදියන්සේලාගේ සුදු බණ්ඩාර,POLN
ඒකනායක කරප්පේරු විජේතුංග රාජපක්ෂ මුදියන්සේලේ,POLN
එල්ලාවල නාලන්ද සම්පත්,POLN
එල්ලාවල නන්දා සිඩ්නි,POLN
එල්ලාවල සුරංගනී,POLN
එරාන් වික්‍රමරත්න,POLN
එරන්ජන් නවීන් දිසානායක,POLN
එතිර්මනසිංහම් සෝමසුන්දරම් උදයාර්,POLN
ෆරීඩ් රාසික්,POLN
ෆාරුක් උනුස් ලෙබ්බේ මොහොමඩ්,POLN
ෆීලික්ස් පෙරේරා,POLN
සාමාජිකයින්-ගෝර්ඩන් අබ්ඩි,POLN
ෆෙරියල් ඉස්මයිල් අෂ්රොෆ්,POLN
ප්‍රනාන්දු ඇන්ඩිගේ ජිනදාස,POLN
ප්‍රනාන්දු ඇලබඩගේ නිමල් උපතිස්ස,POLN
ප්‍රනාන්දු හෙක්ටර් හයිරොනිමස්,POLN
ප්‍රනාන්දු කච්චකඩුගේ ගොඩ්ෆ්‍රි ජෝශප්,POLN
ප්‍රනාන්දු මෙරෙනගේ මොරිස් රස්කින්,POLN
ප්‍රනාන්දු මිහිඳුකුලසූරිය ජූලියන් ජෝශප්,POLN
ප්‍රනාන්දු නිකලස් ඩෙන්සිල්,POLN
ප්‍රනාන්දු සිරික්කත්තුගේ නෙවිල් ආතර්,POLN
ප්‍රනාන්දු තන්තුලගේ විලියම්,POLN
ප්‍රනාන්දු තෝමස් ක්වින්ටින්,POLN
ප්‍රනාන්දු ටිරෝන් ලයිල් ඩෙලානෝ,POLN
ප්‍රනාන්දු වර්ණකුලසූරිය ඉච්චම්පුල්ලිගේ හියු,POLN
ප්‍රනාන්දු වර්ණකුලසූරිය තෙරේස් ඉවෝන් ශ්‍රියානි,POLN
ප්‍රනාන්දු වරුෂාහැන්නදිගේ ලියෝ,POLN
ප්‍රනාන්දු වත්තගේ ඉතාලිස්,POLN
ප්‍රනාන්දු වීරහැන්නදිගේ තියඩෝර් විල්ෆ්‍රඩ් මෙරිල්,POLN
ප්‍රනාන්දුපුල්ලේ කැනීසියස් ජෙයරාජ්,POLN
ෆීල්ඩ් මාර්ෂල් සරත් ෆොන්සේකා,POLN
ෆොන්සේකා ගාමිණී,POLN
ෆොන්සේකා ගම්පොලගේ පත්මින්,POLN
ෆොන්සේකා හේවාෆොන්සේකාගේ ඔගස්ටිනු,POLN
ෆොන්සේකා වන්නිආරච්චිගේ මාර්ටිනස් බිබිලේ,POLN
ෆෝබ්ස් ඔස්වල්ඩ් බොයිඩ් (කර්නල්),POLN
ෆ්‍රැන්සිස්කු තෝමරත්න දොන්,POLN
ෆ්‍රීමන් හර්බට් රේනර්,POLN
ගද්දුම් රෙජිනෝල්ඩ් පර්සි,POLN
ගජධීර විදානේආරච්චිගේ චන්ද්‍රසිරි බෑන් කරයි,POLN
ගලප්පත්ති ජස්ටින්,POLN
ගලප්පත්ති අහංගම පොල්වත්තේ චන්ද්‍රදාස,POLN
ගලප්පත්ති පීටර් සිල්වා ලොකු,POLN
ගමගේ ලාල් ධර්මප්‍රිය,POLN
ගමලත් සිරිපාල,POLN
ගමමැදලියනගේ ජෝශප් ලලිත් නියෝමාල් පෙරේරා,POLN
ගාමිණී ජයවික්‍රම,POLN
ගාමිණී කුලවංශ ලොකුගේ,POLN
ගාමිණී ලක්ෂ්මන් පීරිස්,POLN
ගාමිණී වලේබොඩ,POLN
ගනේෂන් ප්‍රභා,POLN
ගනේෂලිංගම් පූපාලපිල්ලේ,POLN
ගනේෂමූර්ති සෝමසුන්තරම්,POLN
ගන්කන්ද මුහන්දිරමලාගේ චන්ද්‍රසේකර,POLN
ගයාෂාන් නවානන්ද,POLN
ගීතා සමන්මලී කුමාරසිංහ,POLN
ගෙවිඳු කුමාරතුංග,POLN
ඝානි යූ.එල්.එම්. හනීෆා මාතුර්,POLN
ගීතාංජන රූපසිංහ ගුණවර්ධන,POLN
ඥානමුත්තු ක්‍රිෂ්ණපිල්ලෙයි,POLN
ඥානමුත්තු ජෝසප් අයිසැක්,POLN
ගොඩගේ සිරිමෙවන්,POLN
ගුණරත්න කොඩිතුවක්කු දොන්,POLN
ගුණසිංහ ඇලෙක්සැන්ඩර් ඒකනායක,POLN
ගුණවර්ධන ගනේගම ලියනගේ සරත්,POLN
ගුණවර්ධන ලෙස්ලි සයිමන්,POLN
ගුණරත්න ක්ලෙමන්ට් වික්ටර්,POLN
ගුණසේකර දොන් සැමුවෙල්,POLN
ගුණසේකර හෙන්රි අබේවික්‍රම,POLN
ගුණවර්ධන පරාක්‍රම බන්දුල,POLN
ගුණවර්ධන චොල්මන්ඩ්ලි ද ෆොන්සේකා,POLN
ගුණවර්ධන වයලට් විවියන්,POLN
ගොපල්ලව මොයිත්‍ර චූඩබණ්ඩා,POLN
ගොපල්ලව විජේසුන්දර වික්‍රමසිංහ පණ්ඩිතරත්න වාසල මුදියන්සේ රාළහාමිලලාගේ අනුර,POLN
Gratiae Edward Fredrick Noel,POLN
ග්‍රිෆිත් ෆ්‍රැන්සිස් හන්ට්ලි,POLN
ගුණරත්න ජෝන් සරත්චන්ද්‍ර,POLN
ගුණරත්න කළුපතිරන්නැහැලගේ දොන් උපාලි,POLN
ගුණසීලන් අලහිපොඩි,POLN
ගුණසේකරම් මාර්කණ්ඩු ෂංගර්,POLN
ගුණසේකර ඩැනියෙල් ඩයස්,POLN
ගුණසේකර දිසානායක මුදියන්සේලාගේ,POLN
ගුණසේකර ගමගේ දොන් ප්‍රේමරත්න,POLN
ගුණසේකර හඳපාන්ගොඩ මුදලිගේ චන්ද්‍රපාල,POLN
ගුණසේකර ජයලත්ගේ ඥානසේකර,POLN
ගුණසේකර කේසරලාල්,POLN
ගුණසේකර ලයනල් ද සිල්වා අබේවීර,POLN
ගුණසේකර මහේන්,POLN
ගුණසේකර ප්‍රින්ස්,POLN
ගුණසේකර රණසිංහ හෙට්ටිආරච්චිගේ ටියුඩර් එඩ්වඩ් ආර්.,POLN
ගුණසේකර රත්නායක මුදියන්සේලාගේ,POLN
ගුණසේකර සෙනරත් ගුණසේකර විදානේරලාලාගේ බෙනට් ඩයස්,POLN
ගුණසේකර සුනීතා ලක්ෂ්මන්,POLN
ගුණසිංහ කළුආරච්චිගේ නන්දදාස,POLN
ගුණතිලක රාජපක්ෂ,POLN
ගුණතිලක මෙත්සියගේ දොන් ආරියපාල,POLN
ගුණතිලක ඩී.නන්දන,POLN
ගුණවර්ධන චන්ද්‍රකුමාර විජය,POLN
ගුණවර්ධන නානවීර අප්පුහාමිලාගේ ලෙස්ලි හර්බට්,POLN
ගුණවර්ධන අමර ඉන්දික රූපසිංහ,POLN
ගුණවර්ධන බමුණු ආරච්චි පතිරන්නැහැලගේ ලයනල්,POLN
ගුණවර්ධන දොන් බෙන්ජමින් රූපසිංහ,POLN
ගුණවර්ධන දොන් පිලිප් රූපසිංහ,POLN
ගුණවර්ධන කුසුමසිරි,POLN
ගුණවර්ධන රත්නකීර්ති සෙනරත් සේරසිංහ,POLN
එච්.එම්.එම්.හැරීස්,POLN
එච්.නන්දසේන,POLN
එච්.ආර්. මිත්‍රපාල,POLN
එච්.එම්. පියල් නිශාන්ත ද සිල්වා,POLN
එච්.ආර්.එස්. දුෂ්මන්ත,POLN
හෆ්රත් අහමඩ් ලෙබ්බේ මොහොමඩ්,POLN
හල්කන්දලිය ලේකමලාගේ ප්‍රේමලාල් ජයසේකර,POLN
හමීඩ් අබ්දුල් කාදර් ෂාහුල්,POLN
හපන්ගම අනුර ප්‍රදීප්,POLN
හපු ආරච්චිගේ කෝසල නුවන් ජයවීර,POLN
හපුතන්ත්‍රී ගමගේ සාගර කාරියවසම්,POLN
හරිස්චන්ද්‍ර මුරමුදලි ආරච්චිලාගේ පියදාස,POLN
හීන් බණ්ඩාර බමුණුසිංහ ආරච්චිගේ,POLN
හේමචන්ද්‍ර කල්‍යාණරත්න,POLN
හේමකුමාර වික්‍රමතිලක නානායක්කාර,POLN
හේමාල් ගුණසේකර,POLN
හේනගොඩ විතානච්චිගේ තිලකරත්න,POLN
හේරත් මුදියන්සේලාගේ චරිත හේරත්,POLN
හේරත් මුදියන්සේලාගේ ලකී දිසානායක ජයවර්ධන,POLN
හේරත් රාලලාගේ ජයතිලක පොඩිනිලමේ,POLN
හේරත් ගනේ ආරච්චිලාගේ මහීපාල,POLN
හේරත් හේරත් මුදියන්සේලාගේ ඩිංගිරි බණ්ඩා,POLN
හේරත් හේරත් මුදියන්සේලාගේ නන්දසේන,POLN
හේරත් හේරත් මුදියන්සේලාගේ තිලකරත්න බණ්ඩා,POLN
හේරත් ජේම්ස් එඩ්වඩ් හැරල්ඩ්,POLN
හේරත් කළුකුමාර වන්නිනායක රංගේ බණ්ඩාරලාගේ කවිසේන,POLN
හේරත් කිරින්දේ මුදියන්සේලාගේ නිමල්,POLN
හේරත් මෛත්‍රීපාල,POLN
හේරත් සිරිසේන බණ්ඩාර,POLN
හේරත් සිවුරත්න යාපබණ්ඩාර සේමසිංහ බණ්ඩාර (ආචාර්ය),POLN
හේරත් ටිකිරි බණ්ඩා මුදියන්සේලාගේ,POLN
හේරත් වන්නිහාමි යසපාල,POLN
හෙට්ටිආරච්චි දොන් ෆ්‍රෑන්ක්,POLN
හෙට්ටිආරච්චි ඉන්ද්‍රදාස,POLN
හෙට්ටිගේ සිරිසේන,POLN
හේවා ගජමන් පත්තිනිගේ නෙල්සන්,POLN
හේවාවිතාරණ නීල්,POLN
හේවාවිතාරණ රාජා,POLN
හිරුණිකා එරංජලී ප්‍රේමචන්ද්‍ර,POLN
හන්ටර් ලුවී ලුෂන්,POLN
හුරුල්ලේ එඩ්වින් ලොකු බණ්ඩාර,POLN
හුරුල්ලේ තේමිය ලොකු බණ්ඩාර,POLN
Hussain Ahamed Bhaila,POLN
ඊබ්‍රාහිම් මුහම්මදු මුහම්මදු මන්සූර්,POLN
ඉදිප්පුලි ආරච්චිගේ දොන් චන්ද්‍රසේන වීරසේකර,POLN
ඉහල මැදගම ගමගේ පියසේන,POLN
ඉහලක් කංකානමලගේ මහින්ද රත්නතිලක,POLN
ඉලංගකෝන් ක්‍රිස්ටෝෆල් පානිනී,POLN
ඉලංගරත්න තමරා කුමාරි,POLN
ඉලංගරත්න ටිකිරි බණ්ඩාර,POLN
ඉලංගතිලක ජෝන් හර්බට්,POLN
ඉලියාස් ඉඩ්රූස් මොහොමඩ්,POLN
ඉමාන් රසින් මොහොමඩ්,POLN
ඉඹුලාන ප්‍රේම චන්ද්‍ර,POLN
ඉමිටියාස් බාකීර් මාකර්,POLN
ඉන්දික අනුරුද්ධ හේරත්,POLN
ඉන්දික බණ්ඩාරනායක,POLN
ඊරියගොල්ල ඉමිය මුදියන්සේලාගේ රෆායෙල් අභයවංශ,POLN
ඉරුතයනදන් චාල්ස් නිර්මලනාදන්,POLN
ඉෂාක් මොහොමඩ් හලීම්,POLN
ඉස්මයිල් මොහොමඩ් කුද්දස්,POLN
ඉස්මයිල් හමීඩ් හුසේන් ෂෙයික්,POLN
ඉසුරු දොඩංගොඩ,POLN
අයියෝබ් මරිකාර් නාගූරන්,POLN
ජේ.ඒ. මේරි ලුසිඩා,POLN
ජේ.ආර්.පී. සූරියප්පෙරුම,POLN
ජබ්බාර් කුඩූස් ඛාන් අබ්දුල්,POLN
Jafferjee Saiffudeen Ibrahim,POLN
ජගත් කුමාර සුමිත්‍රආරච්චි,POLN
ජගත් පුෂ්පකුමාර,POLN
ජගත්සේන මාදුව හේවා කුසුමචන්ද්‍ර,POLN
ජලල්ඩීන් මොහොමඩ් අලියාර් මොහොමඩ්,POLN
ජනදාස පීරිස්,POLN
ජනක බණ්ඩාර තෙන්නකෝන්,POLN
ජානක වක්කුඹුර,POLN
ජයා තුවාන් බ්‍රහනුදීන්,POLN
ජයකොඩි ජයකොඩි ආරච්චිගේ දොන් සුනිල් රන්ජන්,POLN
ජයකොඩි ජයකොඩි ආරච්චිගේ ලක්ෂ්මන්,POLN
ජයකොඩි කමලවර්ණ කුමාරසිංහ,POLN
ජයකොඩි පර්සි චන්ද්‍රසෝම,POLN
ජයලත් ජයවර්ධන,POLN
ජයමහ ජයමහ මුදලිගේ දොන් හෙන්රි නිකලස්,POLN
ජයම්පති වික්‍රමරත්න,POLN
ජයන්ත ජයවීර,POLN
ජයන්ත වීරසිංහ,POLN
ජයරත්න හේරත්,POLN
ජයරත්න සිල්වා දැඩිමුණි රොබට්,POLN
ජයසේන ලොකු බාලසූරියගේ,POLN
ජයසිංහ විජයමුණිදේවගේ අතුල නිමල්සිරි,POLN
ජයසිංහ බණ්ඩාර,POLN
ජයසිංහ මුදියන්සේලාගේ ජානක ප්‍රියන්ත බණ්ඩාර,POLN
ජයසිංහ අප්පුහාමිලාගේ ආරියවංශ එල්ලක්කල,POLN
ජයසිංහ ධර්මදේව,POLN
ජයසිංහ ඩොනල්ඩ් ෂෙල්ටන්,POLN
ජයසිංහ නානායක්කාර අටුළුගමගේ ස්ටීවන් ද සිල්වා,POLN
ජයසිංහ යකුපිටියේ ගුණතිලක,POLN
ජයසූරිය ඇලෙක්සැන්ඩර් පෙරේරා,POLN
ජයසුන්දර මුදියන්සේලාගේ ආනන්ද කුමාරසිරි,POLN
ජයසුන්දර ජේ.එම්.එම්.ඩබ්ලිව්. ලොකු බණ්ඩා,POLN
ජයසුන්දර ටිකිරි බණ්ඩා,POLN
ජයසුන්දර විල්ෆ්‍රඩ් හෙක්ටර් ද සිල්වා,POLN
ජයසූරිය ආරච්චිගේ දොන් තොරණ (ගේට් මුදලියාර්),POLN
ජයසූරිය බර්නාඩ්,POLN
ජයසූරිය බොනී,POLN
ජයසූරිය ගාමණී නන්ද,POLN
ජයතිලක දොන් බාරොන් (සර්),POLN
ජයතිලක රොබට් එඩ්වඩ්,POLN
ජයතිලක ජයතිලක හිටිහාමි අප්පුහාමිලාගේ ආරියරත්න,POLN
ජයතිලක ලයනල්,POLN
ජයවර්ධන තියඩෝර් ගොඩ්ෆ්‍රි (කර්නල්),POLN
ජයවර්ධන මහබලගේ දොන් හෙන්රි,POLN
ජයවර්ධන අත්තනායක මුදියන්සේලාගේ,POLN
ජයවර්ධන පෝලිස් පීරිස්,POLN
ජයවර්ධන වින්සන්ට්,POLN
ජයවික්‍රම දුනුවිල් හර්බට්,POLN
ජයවික්‍රම වෝල්ටර් ජෙෆ්රි මොන්ටේග්,POLN
ජයවර්ධන මොහාන්දිරංගේ දොන් සයිමන්,POLN
ජයවර්ධන ජූනියස් රිචඩ්,POLN
ජයවර්ධන තියඩෝර් ෆෙඩ්රික්,POLN
ජීවන් කුමාරතුංග,POLN
ජෙයක්කොඩි කන්දප්පා,POLN
ජිනදාස අදිකාරි මුදියන්සේලාගේ,POLN
ජිනදාස පිලානේ ලොකුගේ,POLN
ජිනදාස සූරියසේන,POLN
ජිනදාස උඩගම පහළ යමනලෙගෙදර,POLN
ජිනදාස විදාන ගමගේ,POLN
ජිනසේන ලංකාබරනගේ බෝපාල් සුධීර,POLN
ජෝන් සෙනෙවිරත්න,POLN
ජොන්ස්ටන් ප්‍රනාන්දු,POLN
ජොන්ක්ලාස් වර්නන්,POLN
ජෝශප් මයිකල් පෙරේරා,POLN
ජෝසප් පරරාජසිංහම්,POLN
ජෝතිපාල මද්දුම පටබැඳිගේ,POLN
K. P. S. කුමාරසිරි,POLN
කච්චකඩුගේ නලින් රුවන්ජිව ප්‍රනාන්දු,POLN
Kadramer Robert Bruce,POLN
කෛලායපිල්ලේ වේලාවුතන්,POLN
කලඳුගොඩ කංකානම්ගේ පියදාස,POLN
Kaleel Mohamed Cassim Mohamed,POLN
කළුගල්ල ඉඩම්පිටියේ රැල්ලගේ පුංචි බණ්ඩා ගුණතිලක,POLN
කමලා රණතුංග,POLN
කමර්ඩීන් අබ්දුල් බයිස්,POLN
කනගරත්නම් කන්දයියා,POLN
කනගසබායි තන්මන්පිල්ලේ,POLN
කනහරාජ් කනපති,POLN
කනක හේරත්,POLN
කාංචන විජේසේකර,POLN
කන්දයියා පොන්නම්බලම්,POLN
කන්දයියා වේලුපිල්ලේ අම්බලවානර්,POLN
කන්නන්ගර චාල්ස් නිශ්ශංක,POLN
කන්නන්ගර ක්‍රිස්ටෝපර් විලියම් විජේකෝන් (ආචාර්ය),POLN
කන්නන්ගර දොන් ක්‍රිස්ටෝපර් විජේසිංහ,POLN
කන්නන්ගර අයිරින් විමලා (මිය),POLN
කන්නන්ගර රිචඩ් චාල්ස්,POLN
කපුකොටුව ගාමිණී තිස්ස,POLN
කරලියද්ද විජේරත්න ටිකිරි බණ්ඩා,POLN
කරල්ලියද්ද සෙනෙවිරත්න බණ්ඩා,POLN
කාරියප්පර් මොහොමඩ් ඉබ්‍රාලෙබ්බේ මුහම්මද් සම්සුදීන්,POLN
කාරියවසම් දෙවරකෝට්ටේගේ මෙරිල් විජේසේන,POLN
කාරියවසම් හපුතන්ත්‍රී ගමගේ ඇල්බට්,POLN
කාරියවසම් හපුතන්ත්‍රී ගමගේ නොයෙල් පද්මසිරි,POLN
කරු ජයසූරිය,POLN
කරුණාදාස කොඩිතුවක්කු,POLN
කරුණානායක කමල්,POLN
කරුණාරත්න පරණවිතානගේ,POLN
කරුණාරත්න අමරකෝන් චන්ද්‍ර,POLN
කරුණාරත්න චන්ද්‍රතිලක,POLN
කරුණාරත්න මහාමායා සමන්ත දෙව්,POLN
කරුණාරත්න මෙනේරිපිටිය අප්පුහාමිලාගේ දොන් ඩේවිඩ්,POLN
කරුණාරත්න නුවරපක්ෂ හේවායලාගේ අශෝක මහානාම,POLN
කරුණාරත්න රණවක ආරච්චිගේ තිලක් මහේන්ද්‍ර ජයතිලක,POLN
කරුණාරත්න රත්නායක මුදියන්සේලාගේ,POLN
කරුණාරත්න වෙලේ තන්තිරි ගුරුන්නාන්සේලාගේ,POLN
කරුණාරත්න වනසිංහ මුදියන්සේලාගේ,POLN
කරුණාසේන වන්නි ආරච්චිගේ,POLN
කරුණාතිලක ලොකුගමගේ රූපසේන,POLN
කරුණාතිලක නිමල්,POLN
කරුප්පයියා වේලායුදම්,POLN
කතිරවේලුපිල්ලේ සිවසුබ්‍රමනියම්,POLN
කත්‍රිආරච්චි චන්දන,POLN
කවිරත්න රත්නායක මුදියන්සේලාගේ පුංචි බණ්ඩා,POLN
කීර්තිරත්න ඩබ්ලිව් කේ එම් සරත් විජිතකුමාර,POLN
කීර්තිරත්න නුවරපක්ෂ හේවායාලේ,POLN
කෙහෙළිය රඹුක්වැල්ල,POLN
කැටගොඩ ගමගේ ජයන්ත පෙරේරා,POLN
කෙනමන් පීටර් ජෙරල්ඩ් බර්තොලමියස්,POLN
කිඩිනන් සිවනේසන්,POLN
කිංස්ලි ආරියරත්නම් රසනායගම්,POLN
කිරිබණ්ඩා කෝනාර මුදියන්සේලාගේ වත්තේගෙදර,POLN
කිරිඇල්ල ආතර් එමානුවෙල් බණ්ඩාර,POLN
කිරිඇල්ල ලෙනාඩ් පෙන්රින් බණ්ඩාර (ආචාර්ය),POLN
කිතුලගොඩ ජිනදාස,POLN
කොබ්බෑකඩුව හෙක්ටර් සෙනරත් රාජකරුණා බණ්ඩා,POLN
කෝච් රොස්ලින්,POLN
කොඩිතුවක්කු ආරච්චිගේ කරුණාසේන,POLN
කෝකිලා හර්ෂනී ගුණවර්ධන,POLN
කොණ්ඩගමගේ මොහාන් ලාල් ග්‍රේරු,POLN
කෝන්ගහගේ උපාලි සරත්,POLN
කොතලාවල දොන් හෙන්රි (සර්),POLN
කොතලාවල ජෝර්ජ්,POLN
කොතලාවල ග්ලැඩ්වින් කොන්රාඩ් හර්මන්,POLN
කොතලාවල ජේම්ස් කොර්නේලියස් තෝමස්,POLN
කොතලාවල ජෝන් ලයනල් (ජනරාල් ආර්. ගරු සර්),POLN
කෝවින්දන් කරුණාකරම්,POLN
කුගේන්ද්‍රන් කාර්තිකේසු වෙළුම්මයිලුම් (ජෙගන්),POLN
කුලප්පු ආරච්චිගේ දොන් ධම්මික පෙරේරා,POLN
කුලරත්න කඩුකන්නගේ ආනන්ද,POLN
කුලරත්න හිරිපිටියගේ,POLN
කුලරත්න මර්වින්,POLN
කුලරත්න පැට්‍රික් ද සිල්වා,POLN
කුලසිංහම් තිලීපන්,POLN
කුලතුංග දිසානායක මුදියන්සේලාගේ චන්ද්‍රානි ඔෆීලිය බණ්ඩාර,POLN
කුලතිලක අත්තරගමගේ රාජපක්ෂ,POLN
කුලතිලක සේමගේ සල්මන්,POLN
කුමාර වෙල්ගම,POLN
කුමාරදාස ජයසුන්දර මුදියන්සේලාගේ,POLN
කුමාරගේ දොන් රංජිත් නන්දා,POLN
කුමාරසිංහ ශ්‍රීනාත් ලාලක,POLN
කුමාරසිරි රත්නායක,POLN
කුමාරසිරි ප්‍රේමලාල්,POLN
කුමාරසුරියර් චෙල්ලයියා,POLN
කුමාරස්වාමි වේලුපිල්ලේ,POLN
කුමාරතුංග චන්ද්‍රිකා බණ්ඩාරනායක,POLN
කුමාරවේලු කරුප්පයියා,POLN
කුරුකුලරත්න දළුවත්ත හේවා බුද්ධික සරත්,POLN
කුරුප්පු ජයවීර,POLN
කුරුප්පුආරච්චි කුරුප්පුආරච්චිලාගේ විල්සන්,POLN
එල් කේ ජගත් ප්‍රියංකර,POLN
එල්.ජී. වසන්ත පියතිස්ස,POLN
ලක්ෂ්මන් ආනන්ද විජේමාන්න,POLN
ලක්ෂ්මන් කදිරගාමර්,POLN
ලක්ෂ්මන් කිරිඇල්ල,POLN
ලක්ෂ්මන් පින්තු ජයතිලක සෙනෙවිරත්න,POLN
ලක්ෂ්මන් යාපා අබේවර්ධන,POLN
ලලිත් දිසානායක,POLN
ලලිත් එල්ලාවල,POLN
ලීලාරත්න හෙට්ටිආරච්චිගේ දොන් ලූටස්,POLN
ලෙනව වනසිංහ රාජපක්ෂ සේනානායක සෙනෙවිරත්න බණ්ඩාර,POLN
ලෙනෝරා රොබෝලේජ් බාන්ස් (ආචාර්ය),POLN
ලියෝ අකුරුද්දලියනගේ දොන් ජෝන් ලාසරස්,POLN
ලියනගේ හීන්මහත්මය උඩගම,POLN
ලොහාන් රත්වත්තේ,POLN
ලොකුබණ්ඩා හේරත් මුදියන්සේලාගේ ආරියවර්ධනගේ,POLN
ලොකුබණ්ඩාර විජේසිංහ ජයවීර මුදියන්සේලාගේ,POLN
ලයි බාබා සිහියේරේ,POLN
එම්.ජී වීරසේන,POLN
එම්.නන්දිමිත්‍ර ඒකනායක,POLN
එම්. එස්. තව්ෆීක්,POLN
එම්. ඩබ්ලිව්. ඩි. සහන් ප්‍රදීප් විතාන,POLN
එම්.බී. මොහිදීන් අබ්දුල් කාදර්,POLN
එම්.එම්. පේමසිරි මානගේ,POLN
මඩවල ගොඩ්ෆ්‍රි එඩ්වඩ්,POLN
මධුර විතානගේ,POLN
මහාදේව අරුණාචලම් (සර්),POLN
මහදිඋල්වැව සෙනෙවිරත්න හේරත්,POLN
මහලේකම් මහලේකම් මුදියන්සේලාගේ තිලකරත්න බණ්ඩාර,POLN
මහාලිංගම් කනගලිංගම් ශිවාජිලිංගම්,POLN
මහරුෆ් මොහොමඩ් එහුත්තාර් හඩ්ජියාර්,POLN
මහරුෆ් මොහොමඩ් ෂාම්,POLN
මහේෂ්වරන් විජයකලා,POLN
මහේෂ්වරන් ත්‍යාගරාජා,POLN
මහීපාල හේරත්,POLN
මහින්ද බුද්ධදාස සමරසිංහ,POLN
මහින්ද රාජපක්ෂ,POLN
මහින්ද විජේසේකර,POLN
මහින්ද යාපා අබේවර්ධන,POLN
මහින්දසෝම ගමගේ දොන්,POLN
මහමුද් බදියුදීන් (ආචාර්ය අල් හජ්),POLN
මයිල්වාගනම් උදයකුමාර්,POLN
මෛත්‍රීපාල සිරිසේන,POLN
මජීඩ් මීරාසාහිබු,POLN
මේජර් සුදර්ශන දෙනිපිටිය,POLN
මාලනී ෆොන්සේකා,POLN
මලවාරආරච්චි දොන් එඩ්වින්,POLN
මාලිගස්පේ කෝරළේ නලින් මනුෂ නානායක්කාර,POLN
මලික් සමරවික්‍රම,POLN
මලිත් ජයතිලක,POLN
මල්ලිකා ලක්ෂ්මි ද මෙල්,POLN
මල්ලිමාරච්චි වීරසිංහ,POLN
මංගල සමරවීර,POLN
මානිකාවාසගම් පොන්නයියා,POLN
මාණිකාවාසගර් කනගසබාපති ඊලවෙන්තන්,POLN
මානික්කරාජා සුප්‍රමානියන් මයිල්වාගනම්,POLN
මානික්ක වඩු රිචඩ් ද සිල්වා,POLN
මංජුල දිසානායක,POLN
මනෝජ් ප්‍රසංග හේවාගම්පලගේ,POLN
මන්තිලක චිත්‍රා ශ්‍රීමතී,POLN
මරික්කාර් කැසිලමරික්කාර් අබ්දුල් සමාඩ්,POLN
මාරිමුත්තු කතන්,POLN
මාටින් සිරිලස් සේවියර්,POLN
මරුදපාණ්ඩි රාමේෂ්වරන්,POLN
මැතිව් කළුදේවගේ නන්ද,POLN
මැතිව් කලුවාදේවගේ සිරිල්,POLN
මැතිව් එඩ්ලි වින්ස්ටන්,POLN
මාවයි සෝමසුන්තරම් සේනාධිරාසා,POLN
මාවැල්ලගේ කීර්ති සුරංජිත්,POLN
මයන්ත යස්වන්ත් දිසානායක,POLN
මැද්දගම අජිත් කුමාර,POLN
මැදිවක මුතු බණ්ඩා වීරසේකර,POLN
මීදෙණිය ඇඩිගාර් ජෝන් හෙන්රි,POLN
මීරා මොහිදීන් මොහොමඩ් මුස්තෆා,POLN
මෙන්ඩිස් මෙරෙන්ග්නා ගෝලියස්,POLN
මෙන්ඩිස් තේනහන්දි විජයපාල හෙක්ටර්,POLN
මර්වින් සිල්වා,POLN
මර්සා අබ්දුල් මජීඩ්,POLN
මිල්රෝයි ප්‍රනාන්දු,POLN
තංගේශ්වරි කතිරාමන් මෙනවිය,POLN
මොහොමඩ් අබ්දුල් බාකීර් මාකර්,POLN
මොහොමඩ් අබ්දුල්ලා මොහොමඩ් මහරුෆ්,POLN
මොහොමඩ් කාසිම් මොහොමඩ් ෆයිසාල්,POLN
මොහොමඩ් ෆලීල් මර්ජන් අස්මි,POLN
මොහොමඩ් හනීෆා මොහොමඩ් නවාවි,POLN
මොහොමඩ් හනිෆා මොහොමඩ්,POLN
මොහොමඩ් හෂීම් අබ්දුල් හලීම්,POLN
මොහොමඩ් ඉස්මයිල් අන්වර් ඉස්මයිල්,POLN
මොහොමඩ් ජබීර් අබ්දුල් කාදර්,POLN
මොහොමඩ් මහරුෆ්,POLN
මොහොමඩ් ෂෆීක් රාජාබ්දීන්,POLN
මොහොමඩ් තම්බි හසන් අලි,POLN
මොහොමඩ් මොහොමඩ් ඉසාඩීන්,POLN
මොහාන් ප්‍රියදර්ශන ද සිල්වා,POLN
මොහිදීන් බාවා අබ්දුල් අසීස්,POLN
මොහිදීන් උතුමා ලෙබ්බේ මොහොමඩ්,POLN
මොහොමඩ් මුසම්මිල්,POLN
මොහොමඩ් හෆීල් මොහොමඩ් සල්මාන්,POLN
මොහොමඩ් උවයිස් මොහොමඩ් අලි සබ්රි,POLN
මොලමුරේ ඇඩ්ලින් (මිය),POLN
මොලමුරේ ඇලෙක්සැන්ඩර් ෆ්රැන්සිස්,POLN
මොලමුරේ ඇලෙක්සැන්ඩර් ෆ්රැන්සිස් (සර්),POLN
මොල්ලිගොඩ ලියනගේ ස්ටැන්ලි සුමනරත්න,POLN
මොන්නකුලමේ එම්.එස්.බී.ටී.බී.ධර්මසේන බණ්ඩාර,POLN
මූණසිංහ අනිල් කුමාර,POLN
මූණසිංහ මංගල නාත්,POLN
මූණසිංහ සුසිල් කුමාර,POLN
මොරගොඩ අශෝක මිලින්ද,POLN
මෝතා ජෝර්ජ් රොසයිරෝ,POLN
අමරා පියසීලි රත්නායක මිය,POLN
බිෂජාචාර අලහකෝන්ලාගේ සුජාතා අලහකෝන් මිය,POLN
පත්මිණි සිතම්පරනාදන් මහත්මිය,POLN
වර්ණකුලසූරිය මේරි ලැරින් පෙරේරා මහත්මිය,POLN
මුදිතා ප්‍රිශාන්ති,POLN
මුහම්මතු සාලි නලීම්,POLN
මුහුදුගම හේවගේ ගුණරත්න වීරකෝන්,POLN
මුණසිංහ (මේජර් ජෙනරාල්) සරත්චන්ද්‍ර ප්‍රේමලාල්,POLN
මුණසිංහ ආනන්ද තිලකසිරි මොහොට්ටි,POLN
මුණසිංහ වැලිකල ජේම්ස් චාල්ස්,POLN
මුණවීර චන්ද්‍රසේන,POLN
මුන්සූර් අබ්දුල් රසාක්,POLN
මරේ ජෝන් රෝස්,POLN
මුරුගන් සචිතානන්දන්,POLN
මුරුගේසු සිවසිතම්පරම්,POLN
මුස්තාපා මීරාලෙබ්බේ පොඩ්ඩි මොහොමඩ්,POLN
මුත්තලි බාවා ෆාරුක්,POLN
මුත්තු සංගරලිංගම් සෙල්ලසාමි,POLN
මුතුබණ්ඩා පහුරේගෙදර,POLN
මුතුබණ්ඩා සමරසිංහ ආරච්චිලාගේ,POLN
මුත්තෙටුවේගම සරත්චන්ද්‍ර,POLN
එන්.නාලක බණ්ඩාර කෝට්ටේගොඩ,POLN
එන්.ඩී.එන්.පී. ජයසිංහ,POLN
එන්.ඩබ්ලිව්.එම්. ජයන්ත විජේසේකර,POLN
නඩරාජා මතරාජා,POLN
නඩරාජා රවිරාජ්,POLN
නඩරාජා අත්පුතරාජා,POLN
නඩරාජා කන්දපුල්ලේ වේළුපිල්ලේ,POLN
නාගනාදන් එලංගෙයි මුරුගේසු විජයරත්නම් (ආචාර්ය),POLN
නයිනා මරික්කාර් මොහොමඩ් හනිෆා මොහොමඩ්,POLN
නාලක ගොඩහේවා,POLN
නාලක ජූඩ් හරීන් ප්‍රනාන්දු,POLN
නාලක ප්‍රසාද් කොලොන්නේ,POLN
නල්ලයියා වල්ලිපුරම්,POLN
නානායක්කාර ඒලියන් මහානාග,POLN
නානායක්කාර විතානගේ ටර්ජින්,POLN
නන්දලෝක හිමි පූජ්‍ය. අලව්වේ,POLN
නන්දසේන මාලිගස්පේ කෝරළගේ ජිනදාස,POLN
නටේසා අයියර් කෝදන රාමයියාර්,POLN
නටේසන් සුබයියා,POLN
නවුෂාඩ් අබ්දුල් මජීඩ් මොහොමඩ්,POLN
නවරත්නම් කන්දයියා,POLN
නවරත්නම් වෛතිනාතර්,POLN
නවරත්නම් වල්ලිපුරම් නල්ලතම්බි,POLN
නවරත්න නවරත්න හේනයාලාගේ සිංගප්පුලිගේ රංජිත්,POLN
නවරත්න හේරත් මුදියන්සේලාගේ,POLN
නේමිනාදන් බාලසුබ්‍රමනියම්,POLN
නෙරංජන් වික්‍රමසිංහ,POLN
නිව්න්හැම් හියුබට් අර්නස්ට්,POLN
නිමල් පියතිස්ස,POLN
නිමල් සිරිපාල ද සිල්වා,POLN
නිපුන රණවක,POLN
නිර්මල කොතලාවල,POLN
නිරෝෂන් පෙරේරා,POLN
නිරූපමා දීපිකා රාජපක්ෂ,POLN
නිශාන්ත දීපාල් ගුණසේකර,POLN
නිශාන්ත මුතුහෙට්ටිගමගේ,POLN
නිශ්ශංක මනෝධ විජයරත්න,POLN
නියතපාල පොල්තුට්ටුවේ ආරච්චිගේ ජිනදාස,POLN
නූර්දීන් මෂූර්,POLN
නුගවෙල දිසාව පුංචි බණ්ඩා,POLN
නුගවෙල එඩ්වඩ් ඇලෙක්සැන්ඩර් (මේජර්),POLN
ඔබේසේකර ජේම්ස් පීටර්,POLN
ඔබේසේකර සිවගාමි වෙරිනා (මිය),POLN
ඔබේසේකර ෆොරෙස්ටර් ඔගස්ටස්,POLN
ඔබේවංශ කාලිංග,POLN
ඕමල්පේ සෝභිත හිමි,POLN
පී.එච්.පී. පියසේන,POLN
පලන්සූරිය කලලෑල්ලේ ආනන්ද සාගර,POLN
පාලිත කුමාර තෙවරප්පෙරුම,POLN
පානබොක්කේ තියඩෝ බ්‍රේබෲක්,POLN
පානබොක්කේ ටිකිරි බණ්ඩා (සර්),POLN
පරරාසසිංහම් එල්ලයතම්බි,POLN
පැස්කුවල් දයාසේන ටර්නෝලියස්,POLN
පතිරගේ දොන් අබේරත්න,POLN
පතිරණ ජය,POLN
පතිරණගේ බෙන්තොට රිචඩ් ද සිල්වා,POLN
පද්මනාදන් කනගසබයි,POLN
පද්මනාදන් රංගනායකී (මිය),POLN
පේදුරු හේවගේ ලයනල් ප්‍රේමසිරි,POLN
පීරිස් මල්වත්තගේ නිමල් රන්සිරි,POLN
පීරිස් මල්වත්තගේ සයිමන් ඇන්ඩෘ,POLN
පීරිස් ජයසූරිය මහතෙල්ගේ ජෝන් යූසස්,POLN
පීරිස් මහතෙලගේ හෙන්රි,POLN
පෙලිස්ජ් හැරිසන්,POLN
පැල්පොල ජෝර්ජ් නිශ්ශංක මහසන්,POLN
පැල්පොල රිචඩ් ස්ටැන්ලි,POLN
පෙරමුණ සරත්චන්ද්‍ර,POLN
පෙරේරා දිවාන් බහදූර් ඉග්නේෂස් සේවියර්,POLN
පෙරේරා අරකහගොඩගේ ඇලෝසියස් රෙජිනෝල්ඩ්,POLN
පෙරේරා සිරිල් අර්නස්ට් ස්ටැන්ලි,POLN
පෙරේරා ඩික්සන් ජේ,POLN
පෙරේරා එඩ්වඩ් වෝල්ටර්,POLN
පෙරේරා එල්ලුප්පිටියමුදියන්සේලාගේ පීටර් පෝල්,POLN
පෙරේරා ගලප්පටි කංකානගේ විලියම්,POLN
පෙරේරා ගමමැදලියනගේ ජෝන් පැරිස්,POLN
පෙරේරා ජේ අසිත,POLN
පෙරේරා කැනහේල බණ්ඩාරලාගේ ලිලන්ත,POLN
පෙරේරා කසදොරුගේ වින්සන්ට්,POLN
පෙරේරා කෝන්ගහකංකානමගේ දොන් ඩේවිඩ්,POLN
පෙරේරා කොස්වත්තගේ එඩ්මන්ඩ්,POLN
පෙරේරා ලියන අන්දරගේ බර්නාඩ් (LAB),POLN
පෙරේරා මැතිව් වින්සන්ට්,POLN
පෙරේරා මයිකල් ෆෙස්ටස් වෙන්සස්ලස්,POLN
පෙරේරා නානායක්කාරපතිරගේ මාර්ටින් (ආචාර්ය),POLN
පෙරේරා ඕවිටිගලගේ සෝමදාස,POLN
පෙරේරා රණවක ආරච්චිගේ ආතර් රෙජිනෝල්ඩ්,POLN
පෙරේරා රණවකආරච්චිගේ සොලමන්,POLN
පෙරේරා විල්මට් ඒබ්‍රහම්,POLN
පීරිස් පට්ටියපතිරැන්නැහැලගේ ඇල්බට් ෆෙඩ්රික් (සර්),POLN
පෙරියසාමි චන්ද්‍රසේකරන්,POLN
පර්පෙටුව සුදර්ශිනී ප්‍රනාන්දුපුල්ලේ,POLN
පෙරුමාල්පිල්ලේ රාධක්‍රිෂ්ණන්,POLN
පැටිකිරිගේ දයාරත්න,POLN
පිලිප්ස් කුමාරසිංහ ශ්‍රී ලියනගේ,POLN
පිලපිටිය අබේරත්න බණ්ඩාර හේරත්,POLN
පියදාස අබේනායක,POLN
පියදාස සුදුවැලි කොණ්ඩගේ,POLN
පියංකර ජයරත්න,POLN
පියසිරි හඳුන්ර්ති රන්නුලු,POLN
පියසෝම උපාලි අදිකාරි මුදියන්සේලාගේ,POLN
පොහොලියද්දේ දිසාව ටිකිරි බණ්ඩා,POLN
පොල්ගම්පල රාලලාගේ චමින්ද අනුරුද්ධ පොල්ගම්පල,POLN
පොන්නම්බලම් ගණපතිපිල්ලේ ගංගසේර්,POLN
පොන්නම්පලම් සෙල්වරාසා,POLN
පෝලියර් රෙජිනෝල්ඩ් සිඩ්නි වර්නන්,POLN
ප්‍රසන්න රණතුංග,POLN
ප්‍රසන්න රණවීර බුලත්වලගේ,POLN
ප්‍රදීප් සමන් කුමාර උඩුගොඩ රූපසිංහගේ,POLN
ප්‍රේමචන්ද්‍ර ආරච්චි මුදියන්සේලාගේ මුනිදාස,POLN
ප්‍රේමචන්ද්‍ර භාරත ලක්ෂ්මන්,POLN
ප්‍රේමචන්ද්‍ර හපුගොඩ රන්කොත්ගේ උදයප්‍රේම,POLN
ප්‍රේමදාස රණසිංහ,POLN
ප්‍රේමරත්න දොන් සිමන් රාලලාගේ ශාන්ත,POLN
ප්‍රේමරත්න එදිරිවීර,POLN
ප්‍රේමරත්න මිරිහානගේ දොන්,POLN
ප්‍රේමතිරත්න කරුණාමුණි ලලින් ඔලිත ද සිල්වා,POLN
ප්‍රේමිත බණ්ඩාර තෙන්නකෝන්,POLN
ප්‍රේම්නාත් සී දොලවත්ත,POLN
පුලේන්ද්‍රන් රාසා මනෝහාරි (මිය),POLN
පුංචි බණ්ඩාර රත්නායක මුදියන්සේලාගේ,POLN
පුංචිහේවා සාන්තකුමාර,POLN
පුංචිනිලමේ ගල්ගමුව විදානේලගේ,POLN
පුෂ්පකුමාර ඩබ්ලිව්.පී.එස්.,POLN
පුත්තිරසිගමනී වඩිවෙල්,POLN
ආර් යෝගරාජන්,POLN
ආර්.බී.පාලිත රංගේ බණ්ඩාර,POLN
ආර්.ඩී.විමලදාස,POLN
ආර්.එම්. පද්ම උදය ශාන්ත ගුණසේකර,POLN
ආර්.එම්.සී.බී. රත්නායක,POLN
ආර්.එම්.එස්.බී. නාවින්න,POLN
ආර්.පී.ඒ. රණවීර පතිරණ,POLN
ආර්.ආර්.එම්. එරික් ප්‍රසන්න වීරවර්ධන,POLN
රදම්පල ගමගේ ශ්‍රියානි විජේවික්‍රම,POLN
රහීම් සෙයියාදු අබ්දුල්,POLN
රාජා මන්ත්‍රීලාගේ තිලක් රාජපක්ෂ,POLN
රාජදුරෙයි චෙල්ලයියා,POLN
රාජකරුණා මොහොට්ටි අප්පුහාමිලගේ සරත් චන්ද්‍ර රාජකරුණා,POLN
රාජකරුණා රාජකරුණා මුදියන්සේලාගේ ජයසේන,POLN
රාජකුලේන්ද්‍රන් ජෝන් ග්ලැඩ්ස්ටන්,POLN
රාජලිංගම් කාලිමුත්තු,POLN
රාජන් ආශිර්වතම් මාසිලමනි ඩැනියෙල්,POLN
රාජපක්ෂ මොහොට්ටිගේ දොන් සුරනිමල් රාජපක්ෂ,POLN
රාජපක්ෂ දැදිගම දේවගේ ලිලියන් ලෙටීෂියා (මිය),POLN
රාජපක්ෂ දොන් ඇල්වින්,POLN
රාජපක්ෂ දොන් මැතිව්,POLN
රාජපක්ෂ ජෝර්ජ්,POLN
රාජපක්ෂ ලක්ෂ්මන්,POLN
රාජපක්ෂ රාජපක්ෂ දේවගේ රණපාල විජයවර්ධන,POLN
රාජපක්ෂ ඇලෙක්සැන්ඩර් එඩ්මන්ඩ් ද සිල්වා විජේගුණරත්න එස්.,POLN
රාජපක්ෂ දොන් රෝයි සෙෆ්රින්,POLN
රාජපක්ෂ ගාමිණී,POLN
රාජපක්ෂ ලයනල්,POLN
රාජපක්ෂ වාසල තෙන්නකෝන් මුදියන්සේලාගේ රංජිත් බණ්ඩාර,POLN
රාජරත්න කෝනාර මුදියන්සේලාගේ පොඩිඅප්පුහාමි,POLN
රාජරත්න කුසුමා,POLN
රාජරත්නම් සිවසාමි,POLN
රාජරත්නම් ටී.ඩබ්ලිව්.,POLN
රාජවරෝතයම් සම්බන්ධන්,POLN
රාජවරෝතියම් නවරත්නම් රත්න,POLN
රජීව විජේසිංහ,POLN
රාජිකා වික්‍රමසිංහ,POLN
රාජිත සේනාරත්න,POLN
රාමලිංගම් මලයප්පන්,POLN
රාමලින්කම් තමෝතරපිල්ලේ,POLN
රාමමූර්ති රාජේන්ද්‍රන්,POLN
රාමනුජම් දේසිගර්,POLN
රඹුක්පොට ජෝර්ජ් ක්‍රිස්ටෝපර්,POLN
රඹුක්පොට සෙනෙවිරත්න මුදියන්සේලාගේ ජස්ටින් ආතර්,POLN
රඹුක්වැල්ල දිසාව එච්.ඊ.ඩබ්ලිව්.එම්.හේරත් බණ්ඩා,POLN
රමේෂ් පතිරණ,POLN
රාමේෂ්වරන් රාජේන්ද්‍රන්,POLN
රණරාජා පුංචි බණ්ඩා,POLN
රණරාජා ෂෙල්ටන්,POLN
රණසිංහ ආතර් ජයසේන,POLN
රණසිංහ සුනේත්‍රා (මිය),POLN
රණතුංග ආරච්චිගේ ටියුඩර් දයාරත්න,POLN
රණතුංග චන්ද්‍රදාස,POLN
රණතුංග රණතුංග මුදියන්සේලාගේ ඩිංගිරි බණ්ඩා,POLN
රණතුංග විජයසුන්දර බණ්ඩාර,POLN
රණවක ජයසිරි සරත් කුමාර,POLN
රණවීර ආරච්චිගේ ජයතිස්ස,POLN
රණවීර ඩොනල්ඩ් ජේසන්,POLN
රණවීර විතානගේ සුනිල් ශාන්ත,POLN
රන්දෙණිය රවීන්ද්‍ර,POLN
රනිල් වික්‍රමසිංහ,POLN
රංජිත් සියඹලාපිටිය,POLN
රංජිත් වෑකඩ විතාරණගේ මොහිමන්,POLN
රාසලිංගම් තම්බිපිල්ලේ,POLN
රාසමානික්කම් අලගයියා හෙවත් රාජමානික්කම්,POLN
රාසමානික්කම් සින්නප්පු මූතතම්බි,POLN
රස්නායක මුදියන්සේලාගේ සංජීව බණ්ඩාර කවිරත්න,POLN
රාසු කුගනේෂ්වරන්,POLN
රත්නායක රත්නායක මුදියන්සේලාගේ ගාමිණී,POLN
රත්නම් කතිගේසර් පොන්නම්බලම්,POLN
රත්නමලල රන් බණ්ඩා,POLN
රත්නපාල අමරදාස (ආචාර්ය),POLN
රත්නරාජා සිවප්‍රගාසම්,POLN
රත්නසිරි වික්‍රමනායක,POLN
රත්නායක මුදියන්සේලාගේ ආනන්ද සරත් කුමාර රත්නායක.,POLN
රත්නායක මුදියන්සේලාගේ අප්පුහාමි,POLN
රත්නායක මුදියන්සේලාගේ ධර්මදාස බණ්ඩා,POLN
රත්නායක අමරානන්ද,POLN
රත්නායක දිසාවේ මුදියන්සේලාගේ හේමා (මිය),POLN
රත්නායක කිරි බණ්ඩා,POLN
රත්නායක පහළ රැල්ලේ,POLN
රත්නායක රත්නායක මුදියන්සේලාගේ,POLN
රත්නායක රත්නායක මුද්‍යන්සේලාගේ කළුබණ්ඩා,POLN
රත්නායක රත්නායක වාසල මුදියන්සේලාගේ අබේරත්න,POLN
රත්නායක සේපාල විලියම් ඩයිනේරිස්,POLN
රත්නායක වික්ටර් ගාර්වින් වීරවර්ධන,POLN
රත්වත්තේ අඩිගාර් ජයතිලක චූඩා,POLN
රත්වත්තේ අනුරුද්ධ,POLN
රත්වත්තේ ක්ලිෆර්ඩ් සේනක,POLN
රත්වත්තේ මල්ලිකා එල්ලාවල (මිය),POLN
රත්වත්තේ විජේසුන්දර සෙනිවිරත්න පී.ඒ.බී.ඩබ්ලිව්.එම්.ඩබ්ලිව්.එච්.එල්.,POLN
රත්වත්තේ විල්ෆ්‍රඩ් අබේරත්න,POLN
රවීන්ද්‍ර සමරවීර,POLN
රෙජී පද්මසේන රණතුංග,POLN
රෙජිනෝල්ඩ් කුරේ,POLN
රැකව ආරිය බණ්ඩාර,POLN
රිචඩ් බෙන්තොට පතිරණ,POLN
රොබට්සන් ඇලෙක්,POLN
රුද්‍රිගු ජෝසප් එමානුවල් ජෝන්,POLN
රෝහණ දිසානායක,POLN
රොමානිස් අරුම උපාසකගේ,POLN
රූපසිංහ ආරච්චිගේ දොන් සිරිසේන,POLN
රූපසිංහ දොන් ජයවික්‍රමගේ නීල්,POLN
රුවන් රණතුංග,POLN
එස් සී මුතුකුමාරණ,POLN
එස් ජගත් සමරවික්‍රම,POLN
එස් එම් චන්ද්‍රසේන,POLN
එස් නොහාරතලිංගම්,POLN
එස් වියලන්දෙරන්,POLN
එස්.ඒ ජයන්ත,POLN
එස්.බී. දිසානායක ය,POLN
සද්ධාසේන මාදූවේ හේවා,POLN
Safiul Muthunabeen Mohamed Muszhaarff,POLN
සාගල ගජේන්ද්‍ර රත්නායක,POLN
සජින් ද වාස් ගුණවර්ධන,POLN
සකලසූරිය සකලසූරිය අප්පුහාමිලාගේ සර්දතිස්ස,POLN
සල්දීන් මොහොමඩ් කාලිඩ්,POLN
සාලින්ද දිසානායක,POLN
සමන්ප්‍රිය හේරත්,POLN
සමරක්කොඩි එඩ්මන්ඩ් පීටර්,POLN
සමරක්කොඩි සිරිපාල,POLN
සමරක්කොඩි ස්ටීවන් වෝල්ටර්,POLN
සමරනායක පුන්සිරි සේනාරාජා පෙරේරා,POLN
සමරනායක රිචඩ් ග්‍රෙගරි,POLN
සමරසේකර සේනපාල,POLN
සමරසිංහ දොන් සේනාධිර,POLN
සමරසිංහ ඉයුජින් අල්විස්,POLN
සමරසිංහ ගලේවත්තගෙදර විජයසිරි,POLN
සමරසිංහ හඩ්සන්,POLN
සමරවීර මහානාම,POLN
සමරවීර පොල්වත්තේ සමරවීර අරච්චිලගේ පර්සි,POLN
සමරවීර උපාලි ඩෙල්ටන්,POLN
සමරවීර වීරවන්නි මුදියන්සේලාගේ,POLN
සමරවික්‍රම ආතර් එඩ්මන්ඩ්,POLN
සමිත හාමුදුරුවො බද්දේගම,POLN
සම්පත් අතුකෝරල,POLN
සම්සුදීන් අලිතුමා ලෙබ්බේ මොහොමඩ්,POLN
සනත් ජයසූරිය,POLN
සනත් නිශාන්ත,POLN
සන්දිත් සමරසිංහ,POLN
සනී රෝහණ,POLN
සංජීව එදිරිමාන්න,POLN
සංකරන් කන්දියා,POLN
සරණ ගුප්ත ගුණවර්ධන,POLN
සරත් අමුණුගම,POLN
සරත් චන්ද්‍රසිරි මායාදුන්නේ,POLN
සරත් වීරසේකර,POLN
සරවනමුත්තු නයිසුම් (මිය),POLN
සරවනමුත්තු රත්නජෝති (ආචාර්ය),POLN
සතාසිවම් කනගරත්නම්,POLN
Schneider Gualterus Stewart (Sir),POLN
ෂොක්මන් විවියන් රෝයි ස්ටැන්ලි (ආචාර්ය),POLN
සෙබස්තියන්පිල්ලේ එඩ්වඩ්,POLN
සීනි මොහොමඩ් මොහොමඩ් ඉස්මයිල්,POLN
සීනිතම්බි යෝගේස්වරන්,POLN
සෙල්ලතඹු සේවියර් මාර්ක්,POLN
සෙල්වදුරෙයි නෙවින්ස්,POLN
සෙල්වනායගම් කනපති,POLN
සෙල්වනායගම් ප්‍රින්ස්ලි රාජේන්ද්‍රන්,POLN
සෙල්වරාසා ගජේන්ද්‍රන්,POLN
සෙල්වෙස්ත්‍රි ඇලන්ටින්,POLN
සේමසිංහ අප්පුහාමිගේ හේරත් බණ්ඩා,POLN
සේනාධීර බන්දුලහේවා,POLN
සේනාධීර දයා සේපාලි (මිය),POLN
සේනාලංකාධිකාර ගනොග්දවිලගේ අමල් දිවහන්ත,POLN
සේනානායක වසන්ත හරේෂ් ප්‍රක්‍රම,POLN
සේනානායක රත්න දේශප්‍රිය,POLN
සේනානායක ආතර් හෙක්ටර්,POLN
සේනානායක ඩේසි මරියා ෆ්ලෝරන්ස් (මිය),POLN
සේනානායක ධර්මසිරි,POLN
සේනානායක දොන් ස්ටීවන් (විශ්‍රාමික ගරු),POLN
සේනානායක ඩඩ්ලි ෂෙල්ටන්,POLN
සේනානායක එඩ්වඩ් ලයනල්,POLN
සේනානායක මෛත්‍රීපාල,POLN
සේනානායක රිචඩ් ගෝඨාභය,POLN
සේනානායක විල්ෆ්‍රඩ්,POLN
සේනාධිරාජා ජෙයානන්දමූර්ති,POLN
සෙනෙවිරත්න සිරිල් පින්ටෝ ජයතිලක (නායක),POLN
සෙනෙවිරත්න දිසානායක මුදියන්සේලාගේ,POLN
සෙනෙවිරත්න නිස්සංග අරච්චිලගේ,POLN
සෙනෙවිරත්න සෙනෙවිරත්න කන්නන්ගරගේ ෂර්ලි මහින්ද,POLN
සෙනන් වීර,POLN
සේතපනගේ අප්පුහාමි රාලලාගේ මද්දුමබණ්ඩාර,POLN
සෙයිද් අලවි මවුලානා,POLN
ශාන් විජයලාල් ද සිල්වා,POLN
ෂන්මුගම් ජෙගදීස්වරන්,POLN
ෂන්මුගනාදන් සරවනභාවනාදන්,POLN
ශාන්ත බණ්ඩාර,POLN
ශාන්ති ශ්‍රීස්කන්දරාසා,POLN
ශෂීන්ද්‍ර රාජපක්ෂ,POLN
ෂෙහාන් සේමසිංහ,POLN
ශිවාජි රුක්මන් සේනානායක,POLN
ශිවසුන්දරම් අප්පුකුට්ටි,POLN
සිහාබ්දීන් නිජාමුදීන්,POLN
සිල්වා ඇන්තනි එමානුවෙල්,POLN
සිල්වා හිරිපිටියගේ මෛත්‍රීපාල උපතිස්ස,POLN
සිල්වා කෝට්ටුරුගේ පබ්ලිස්,POLN
සිල්වා පලහැන්නදි හේවගේ චාල්ස්,POLN
සිල්වා සම්පත්වඩුගේ ස්ටීවන් ඇන්තනි,POLN
සිල්වා සැම්සන්,POLN
සිල්වා විජේවීර ගුණවර්ධන මහවිදානගේ ඇල්බට්,POLN
සිංගල්ටන්-සල්මන් රොබට්,POLN
සින්නලෙබ්බේ අබ්දුල් ලතීෆ්,POLN
සින්නලෙබ්බේ අහමඩ් රිස්වි,POLN
සින්නලෙබ්බේ අහමඩ්ලෙබ්බේ (මුදලියාර්),POLN
සිරි ඇලෙක්සැන්ඩර් අන්ද්‍රහැන්නඩි,POLN
සිරිනාල් ද මෙල්,POLN
සිරිපාල අමරසිංහ,POLN
සිරිසේන දූල්වල ගලපිටගේ හේමචන්ද්‍ර,POLN
සිරිසේන හේවා ගම්පොලගේ,POLN
සිරිසේන ජසෙන්තු ලියන,POLN
සිරිසේන වංශපුර ආරච්චිගේ ආනන්ද,POLN
සිරිවර්ධන හෙක්ටර් ද සොයිසා,POLN
සිරිවර්ධන මයිකල් පෝල් ද සොයිසා,POLN
සිසිර ජයකොඩි,POLN
සිත්තම්පලම් කතිරවේලු,POLN
සිවලිංගම් මුත්තු,POLN
සිවමහාරාසා සින්නතම්බි,POLN
සිවනාදන් කිෂෝර්,POLN
සිවනේසතුරෙයි ශාන්තිරකාන්තන්,POLN
සිවපාලන් සුබ්‍රමනියම්,POLN
සිවප්‍රකාශම් සිවමෝහන්,POLN
සිවසිතම්පරම් තමෝතරම්පිල්ලේ,POLN
සිවතාසන් සංගරපිල්ලේ,POLN
සොලමන් එස් සිරිල්,POLN
සෝමබන්දු හපුගොඩ රාජපක්ෂ වන්නකු මුදියන්සේලාගේ ගුණපාල,POLN
සෝමකුමාරි තෙන්නකෝන්,POLN
සෝමපාල ඉලුක්පිටියේ ගෙදර සෙනෙවිරත්න ආරච්චිගේ,POLN
සෝමරත්න අශෝකවීර,POLN
සෝමරත්න සෙනරත්,POLN
සූසයිතාසන් පිලේසියන් සොසෙයි,POLN
සෞන්දරරාජා ගුණසීලන්,POLN
සෞන්ද්‍රනායගම් ඈෂ්ලි නිමලනායගම්,POLN
සොයිසා බර්නාඩ්,POLN
සොයිසා වරුසහැන්නදිගේ ඒබ්‍රහම් බැස්ටියන් (සර්),POLN
ස්පෙන්සර් එඩ්ගර් අර්නස්ට්,POLN
ශ්‍රී නිශ්ශංක හර්බට්,POLN
ශ්‍රී පත්මනාදන් රත්නසබාපති,POLN
ශ්‍රී රංග ජෙයරත්නම්,POLN
ශ්‍රීකාන්ත නල්ලතම්බි,POLN
ශ්‍රීනිවාසන් කනපතිපිල්ලේ,POLN
ශ්‍රීපති සූරියආරච්චි,POLN
ස්ටුවර්ට් ජෝර්ජ් කිං,POLN
ස්ටුවර්ට්-ස්මිත් ඩඩ්ලි කෝට්ලි,POLN
සුබසිංහ කංකානම්ලාගේ සුබසිංහ,POLN
සුබසිංහ සුබසිංහ මුදියන්සේලාගේ ටිකිරි බණ්ඩා,POLN
සුබ්බියා සංගරලිංගම් මුනියන්ඩි පිල්ලේ,POLN
සුබ්‍රමනියම් මුත්තු කැනපතිපිල්ලේ,POLN
සුබ්‍රමනියම් මයිල්වාගනම් මුදලියාර්,POLN
සුදත් මංජුල,POLN
සුද්දච්චාරිගේ ප්‍රේමරත්න,POLN
සුගතදාස කිතලාව ආරච්චිලාගේ සෙනරත්,POLN
සුගතදාස කුමාර විදානේලාගේ දොන්,POLN
සුගතදාස විතාන ආරච්චිගේ,POLN
සුමනතිලක පියදිගමගේ ප්‍රේමචන්ද්‍ර,POLN
සුමතිපාල සුබසිංහ මුදියන්සේලාගේ ප්‍රේමරත්න,POLN
සුමතිරත්න පියවීර,POLN
සුමේධා ජී ජයසේන,POLN
සුන්දරම් පෙරුමාල් රාජදුරෙයි,POLN
සුන්දරම් පෙරියානන්,POLN
සන්තෙරලිංගම් චෙල්ලප්පා,POLN
සුප්පයිහ් සතාසිවම්,POLN
සුරවීර අලංකාරගේ වික්ටර් (මහාචාර්ය),POLN
සුරේන්ද්‍ර රාගවන්,POLN
සූරියආරච්චි සූරියආරච්චි කංකානමාලගේ කරුණාදාස,POLN
සුසන්ත ගල්ගමුව පුංචිනිලමේ,POLN
සුසිල් ප්‍රේමජයන්ත,POLN
තම්බිමුත්තු එමානුවෙල් රාසනායගම්,POLN
තම්බිමුත්තු සැමුවෙල් පෙනිංටන් තවරාසා,POLN
තෙන්නකෝන් මුදියන්සේ,POLN
තෙන්නකෝන් පියසේන,POLN
තෙන්නකෝන් තිළිණ බණ්ඩාර,POLN
තෙන්නකෝන් යසරත්න බණ්ඩාර,POLN
ටෙනේ හෙන්රි බර්නාඩ්,POLN
තෙන්නකෝන් පතිරාජ මුදියන්සේලාගේ කපුරුහාමි,POLN
තෙන්නකෝන් රන් බණ්ඩා,POLN
තෙන්නකෝන් රෙජිනෝල්ඩ් විල්ෆ්‍රඩ්,POLN
තෙන්නකෝන් රෝලන්ඩ් ස්ටීවන්,POLN
තෙන්නකෝන් ටිකිරි බණ්ඩා තලතා අතුකෝරල,POLN
තම්බයියා ඇල්ෆ්‍රඩ් ලියෝ,POLN
තම්බිරාජා සෝමසුන්තෙරම්,POLN
තඹුගල තඹුගල අතුකෝරලලාගේ සුමනතිස්ස,POLN
තංගතුරෙයි අරුණාසලම්,POLN
තංගවඩිවේල් තම්බිරාජා,POLN
තංගවේල් සින්නයියා,POLN
තාරක බාලසූරිය,POLN
තරුමලිංගම් සිත්තරත්තන්,POLN
තවරාජා කලයි අරසන්,POLN
තවරාජා සින්නදුරෙයි,POLN
තේමිස් මැනුවෙල් සවාරියප්පා,POLN
තෙවරප්පෙරුම තෙවරප්පෙරුම ආරච්චිලාගේ කරුණාසිංහ,POLN
ත්‍යාගරාජා ආරුමුගම්,POLN
තිලක් ජනක මාරපන,POLN
තිලකරාජා මයිල්වාගනම්,POLN
තිලකසේකර රයිටර්,POLN
තිලකසිරි අන්දරගේ දොන් ගාමිණී,POLN
තිලංග සුමතිපාල,POLN
තිල්ලනාදන් කේ.,POLN
තිරිමාදුර රංජිත් ද සොයිසා,POLN
තිරුනාවුකරසු තමෝදරම්පිල්ලෙයි,POLN
තිස්ස විජයරත්න කරල්ලියද්ද,POLN
තිවියනාදන් ජෙයරත්නම්,POLN
තොණ්ඩමන් වී.ඊ.කේ.,POLN
ආර් සවුමියමූර්ති,POLN
තවුෆීක් කබීබ් මොහොමඩ්,POLN
තුරෙයිරාසසිංහම් ක්‍රිෂ්ණපිල්ලෙයි,POLN
තුරෙයිරත්නම් කතිරිපිල්ලේ,POLN
තුරෙයිරත්නසිංහම් කතිර්ගමතම්බි,POLN
තුෂාර ඉඳුනිල් අමරසේන,POLN
තුසිත විජේමාන්න,POLN
ටිකිරි බණ්ඩා වීරකෝන් මුදියන්සේලාගෙදර කුඹුරේ ගෙදර,POLN
තිලකරත්න මානික්‍රලාගේ,POLN
තිලකරත්න දොන් එඩ්වින්,POLN
තිලකරත්න වන්නිආරච්චිගේ දොන් ස්ටැන්ලි,POLN
ටිරාන් අලස්,POLN
තිරුචෙල්වම් නීලකන්දන්,POLN
තිස්ස අත්තනායක,POLN
තිස්ස විතාරණ,POLN
තිස්සකුට්ටි ආරච්චි ගුණපාල,POLN
තිසේරා වර්ණකුලසූරිය මානික්කුගේ ඇන්ටන් සුගත්,POLN
තිසේරා වර්ණකුලසූරිය පිලිප් ඇන්ටනි ප්‍රෝටස්,POLN
තුඩාවේ බාලඋපාසකගේ යසෝදිස්,POLN
ත්‍යාගරාජා ජගනාදන්,POLN
යු.කෙ. සුමිත් උඩුකුඹුර,POLN
උදය ගම්මන්පිල,POLN
උදයකාන්ත ගුණතිලක,POLN
උදයන කිරිඳිගොඩ,POLN
උදයරත්න වික්‍රමතිලක වෙදආරච්චිලාගේ ගොඩ්ෆ්‍රි වසන්ත,POLN
උද්දික ප්‍රේමරත්න,POLN
උදිත් සංජය ලොකුබණ්ඩාර විජේසිංහ ජයවීර මුදියන්සේලාගේ,POLN
උඩුගම ඇලෙක්සැන්ඩර් රිචඩ් (මේජර් ජෙනරාල්),POLN
උනයිස් ෆාරුක්,POLN
උනම්බෝවේ උක්කු බණ්ඩා,POLN
උනන්තැන්නේ පුංචි බණ්ඩා,POLN
උපේක්ෂා ස්වර්ණමාලිනී,POLN
උපුල් මහේන්ද්‍ර රාජපක්ෂ,POLN
උපුල් සංජීව ගලප්පත්ති,POLN
උතුමාලෙබ්බේ මොහොමඩ් ඉබ්‍රලේබේ,POLN
වඩිවේලු සුරේෂ්,POLN
වන්නිආරච්චි පවිත්‍රා දේවි,POLN
වන්නියසිංහම් කුමාරස්වාමි,POLN
වාසුදේව නානායක්කාර,POLN
වීරසිංහම් ආනන්දසංගරී,POLN
වීරසිංහම් විශ්වලිංගම්,POLN
වේලු කුමාර,POLN
වේලුපිල්ලේ කැනප්පෙන් වේලුසිංහම්,POLN
හාමුදුරුවෝ. අපරැක්කේ පුන්නානන්ද හිමි,POLN
හාමුදුරුවෝ. එල්ලාවල මේධානන්ද හිමි,POLN
හාමුදුරුවෝ. කතළුවේ රතනසීහ හිමි,POLN
හාමුදුරුවෝ. කොටපොල අමරකිත්ති හිමි,POLN
හාමුදුරුවෝ. උඩවත්තේ නන්ද හිමි,POLN
හාමුදුරුවෝ. උඩුවේ ධම්මාලෝක හිමි,POLN
විදුර වික්‍රමනායක,POLN
විග්නේෂ්වරන් කාසිලිංගම්,POLN
විජිත් විජයමුණි සොයිසා,POLN
විජිත බේරුගොඩ,POLN
විජිත රණවීර,POLN
විනයාගමූර්ති මුරලිදරන්,POLN
වයිතලිංගම් සිදම්බරම්පිල්ලෙයි,POLN
වාද්දුවගේ මංජු ලලිත් වර්ණ කුමාර,POLN
වඩිගමංගාව ඒ.එච්.එම්.අශෝක ප්‍රේමලාල්,POLN
වඩිගමංගාව අබේසිංහ හේරත් මුදියන්සේලාගේ සද්ධාතිස්ස,POLN
වෛද්‍යරත්න නෝමන් ජේම්ස් වජිර අබේවර්ධන,POLN
වළගම්බාහු රාජප්‍රිය දයාරත්න,POLN
වල්පිටගම ආරියපාල,POLN
වනිගරත්න අහානා කපුගේ දොන්,POLN
වනිගසේකර ඩේවිඩ්,POLN
වනිගසේකර හරීෂ්,POLN
වන්නිආරච්චි ධර්මදාස,POLN
වන්නිනායක උක්කු බණ්ඩා,POLN
වන්නිනායක වන්නිනායක මුදියන්සේලාගේ හේරත් බණ්ඩා,POLN
වර්ණපාල වටරැකේ ආරච්චිලාගේ විශ්ව,POLN
වසන්ත යාපා බණ්ඩාර,POLN
වස්කඩුව ජේ.ගුණසේන ද සිල්වා,POLN
වීර කුමාර දිසානායක,POLN
වීරකෝන් අතුල ඉන්දික,POLN
වීරකෝන් බට්ටි,POLN
වීරකෝන් පුංචි බණ්ඩා ඇලෝසියස්,POLN
වීරසේකර ජිනදාස දොන්,POLN
වීරසේකර වීරසේකර මුදියන්සේලාගේ උක්කු බණ්ඩා,POLN
වීරසේකර ධනපාල පිලිප් රනිල්,POLN
වීරසිංහ හේරත් මුදියන්සේලාගේ,POLN
වීරසිංහ පුවක්දණ්ඩාව ජිනදාස,POLN
වීරසිංහ පුවක්දණ්ඩාව මුනේන්ද්‍රදාස දේවක,POLN
වීරසිංහ වීරසිංහ මුදියන්සේලාගේ ලීලානන්ද,POLN
වීරසුමන වීරසිංහ,POLN
වීරවර්ධන එදිරිවීර,POLN
වේහල්ල කංකානම්ගේ ඉන්දික,POLN
වෙලගෙදර සරත් චන්ද්‍ර බණ්ඩාර,POLN
වෙලගෙදර වෙලගෙදර මුදියන්සේලාගේ ඩිංගිරි බණ්ඩා,POLN
වෙලේගම වීරකෝන් මුදියන්සේලාගේ රාජා,POLN
වැලිගොඩගේ සමන් රත්නප්‍රිය සිල්වා,POLN
වේරගම විලියම් හැරල්ඩ්,POLN
වේරපිටිය ටිකිරි බණ්ඩා,POLN
වෑත්තෑව ගම්ලත් රැල්ලගේ පුංචි බණ්ඩා,POLN
වික්‍රමනායක සෝමා,POLN
වික්‍රමනායක වින්සන්ට් ස්ටුවර්ට් ද සිල්වා,POLN
වික්‍රමරත්න දොඩංගොඩගේ දොන් එඩ්වින්,POLN
වික්‍රමසිංහ ගීකියනගේ දොන් හර්බට්,POLN
වික්‍රමසිංහ දියුනුගල්ලගේ පීටර්,POLN
වික්‍රමසූරිය පෙරුමාබදු පියසේන,POLN
වික්‍රමරත්න කිංස්ලි තිස්ස,POLN
වික්‍රමසිංහ සුගීස්වර අබේවර්ධන,POLN
වික්‍රමසිංහ දයානන්ද අබේවර්ධන,POLN
වික්‍රමසිංහ ඩොරීන් විනිෆ්‍රඩ්,POLN
වික්‍රමසිංහ ගෝවින්නගේ විමල් පද්මසිරි,POLN
වික්‍රමසිංහ පර්සි අබේවර්ධන,POLN
වික්‍රමසිංහ විල්සන් පුන්නසෝම අබේවර්ධන,POLN
වික්‍රමතිලක චාල්ස් ඩයස්,POLN
වික්‍රමතිලක එඩ්වඩ් ඩයස්,POLN
විජයදාස රාජපක්ෂ,POLN
විජයපාල ශ්‍රී නාරායන වාසල බණ්ඩාරනායක මොහොට්ටාලලාගේ සීතා කුමාරි අරඹේපොල,POLN
විජයරත්න එඩ්වින් ඇලෝසියස් පෙරේරා,POLN
විජයසිංහ විජයබාහු,POLN
විජයවර්ධන රන්ජන්,POLN
විජයවර්ධන කොටවිල විතානගේ චාල්ස් ජස්ටින්,POLN
විජේගුණරත්න සමරවීර මුදලිගේ දොන් රෙජිනෝල්ඩ් වැලන්ටයින්,POLN
විජේකෝන් මුදියන්සේලාගේ ජයසුන්දර,POLN
විජේකෝන් සරණසිරි බණ්ඩාර,POLN
විජේකෝන් විජේකෝන් මුදියන්සේලාගේ උක්කු බණ්ඩා,POLN
විජේමාන්න වින්සන්ට් ලියොනල්ඩ්,POLN
විජේනායක කේ.පියසිරි,POLN
විජේරත්න බණ්ඩා ජම්බුගහපිටිය ගෙදර,POLN
විජේරත්න බණ්ඩා කොටුගොඩැල්ල යාපා මුදියන්සේලාගේ,POLN
විජේරත්න මහේන්ද්‍ර සුරසිංහ,POLN
විජේරත්න රන්ජන්,POLN
විජේසේකර ගාමිණී චන්ද්‍ර,POLN
විජේසිංහ කුරුප්පු අප්පුහාමිලාගේ ලීලාරත්න,POLN
විජේසිංහ මුතුකුඩ ආරච්චිගේ ජයසිංහ,POLN
විජේසිංහ පියදාස,POLN
විජේසිරි ලෝහිනී මහේස්වේරි ඊරියගම,POLN
විජේසිරි රන්කෙත්තගේ ප්‍රේමචන්ද්‍ර,POLN
විජේසුන්දර පුංචි බණ්ඩාර,POLN
විජේසූරිය හෙන්රි එඩ්මන්ඩ්,POLN
විජේතුංග විජේතුංග මුදියන්සේලාගේ ඩිංගිරි බණ්ඩා,POLN
විජේවර්ධන මීලියද්දේ දේවගේ සමරපාල,POLN
විජේවර්ධන විමලා,POLN
විජයරත්න නිශ්ශංක පරාක්‍රම,POLN
විල් ජෝර්ජ් ඇල්ෆ්‍රඩ් හෙන්රි,POLN
විලියම් තෝමස් තංගතුරෙයි,POLN
විමල් වීරවංශ,POLN
විමලනාග පොල්වත්තේගමගේ ඔස්මන්ඩ්,POLN
විමලසේන දහම්කිත් චන්ද්‍රමානී,POLN
විමලසේන නැනෙදිරි,POLN
විමලසිරි හඳුන්නෙත්ති රන්නුලු,POLN
විමලසුරේන්ද්‍ර දේවපුර ජිනසේන,POLN
විතාන පතිරණගේ මිලාන් සජිත් ජයතිලක,POLN
වල්ජේසිංහ චන්ද්‍රසේන දොන්,POLN
වයි.ජී. පද්මසිරි,POLN
යදාමිණි නරෝදමා රූපසිංහ ගුණවර්ධන,POLN
යාලේගම මනම්පේරි මුදියන්සේලාගේ බන්දුල සෙනරත් බණ්ඩාර,POLN
යාලේගම මනම්පේරි මුදියන්සේලාගේ සමරරත්න බණ්ඩාර,POLN
යාපා මුදියන්සේලාගේ නවරත්න බණ්ඩා,POLN
යෝගශාංගරී වීරසිංහම් කනේෂසංකරී,POLN
යෝගේස්වරන් වෙට්ටිවේලු,POLN
සුහයිර් මොහොමඩ් මොහොමඩ්,POLN
අහිල ඉලංගෙයි මහජන කොංග්‍රසය,POLP
ඉලංකෙයි තමිල් අරසු කච්චි,POLP
එක්සත් ජාතික පක්ෂය,POLP
ජනනායක තමිළ් තේසිය කූට්ටනි,POLP
ජාතික ජන බලවේගය,POLP
නව ප්‍රජාතන්ත්‍රවාදී පෙරමුණ,POLP
ශ්‍රී ලංකා කම්කරු පක්ෂය,POLP
ශ්‍රී ලංකා පොදුජන පෙරමුණ,POLP
ශ්‍රී ලංකා මුස්ලිම් කොන්ග්‍රසය,POLP
සමගි ජන බලවේගය,POLP
සමස්ත ලංකා ද්‍රවිඩ සන්ධානය,POLP
සර්වජන බලය,POLP
ස්වාධීන කණ්ඩායම ,POLP
අකිල ඉලංකෙයි තමිල් කොංග්‍රස්,POLP
අපේ ජන බල පක්ෂය,POLP
ඊලාම් ජනතා ප්‍රජාතාන්ත්‍රවාදි පක්ෂය,POLP
ජාතික කොංග්‍රසය,POLP
තමිල් මක්කල් ‍තේසිය කුට්ටනි,POLP
තමිළ් මක්කල් විඩුදලෛප් පුළිකල්,POLP
මුස්ලිම් ජාතික සන්ධානය,POLP
ශ්‍රී ලංකා නිදහස් පක්ෂය,POLP
එක්සත් ජනතා නිදහස් සන්ධානය,POLP
ජනතා විමුක්ති පෙරමුණ,POLP
ප්‍රජාතන්ත්‍රවාදී ජාතික සන්ධානය,POLP
කඳුරට ජනතා පෙරමුණ,POLP
ජාතික හෙළ උරුමය,POLP
ද්‍රවිඩ එක්සත් විමුක්ති පෙරමුණ,POLP
ද්‍රවිඩ සන්ධානය,POLP
ප්‍රජාතාන්ත්‍රවාදී ජනතා විමුක්ති පෙරමුණ,POLP
පොදුජන එක්සත් පෙරමුණ,POLP
ජාතික සමගි පෙරමුණ,POLP
ද්‍රවිඩ ඊලාම් විමුක්ති සංවිධානය,POLP
සිහල උරුමය,POLP
ලංකා සම සමාජ පක්ෂය,POLP
ශ්‍රී ලංකා ප්‍රගතිශීලී පෙරමුණ,POLP
ඊ ඩී එෆ්,POLP
එක්සත් සමාජවාදී සංධානය,POLP
මහජන එක්සත් පෙරමුණ,POLP
ලංකා වතු කම්කරු කොංග්‍රසය,POLP
සී පී,POLP
ෆෙඩරල් පක්ෂය,POLP
ශ්‍රී ලංකා නිදහස් සමාජවාදී පක්ෂය,POLP
එල් පී පී,POLP
ශ්‍රී ලංකා ජාතික පෙරමුණ,POLP
සමාජවාදී මහජන පෙරමුණ,POLP
විප්ලවකාරී ලංකා සම සමාජ පක්ෂය,POLP
කම්කරු පක්ෂය,POLP
බෝල්ෂෙවික් ලෙනින්ස්ට් පක්ෂය,POLP
ලංකා ඉංදියානු කොංග්‍රසය,POLP
සී ඕ එන් ජී,POLP
යුනියන් 1,POLP
