Index,Sinhala Comment
1,රවි මූ ගංකරය
2,ඔයි වගේ ගොරකයෝ තමයි රටේ බලය ඉල්ලුවේ ඒ කියන්නේ මුන්ට බලය විතරයි ඔනේ මිනිස්සුට හේන ගැහුවාත් කමක් නෑ මිනිස්සුන්ගේ වාසනාවට මුන්ගේ කරුමේට මාලිමා රජයක් ආවේ
3,පැහැදිලිවම චන්දෙ ඉල්ලුම් කලේ මාලිමාවෙ චන්ද කඩන්න කැඩුවද මූ අමුක් හරක් පට්ට්යක්වත් බලා ගන්න පුළුවන් කියලා හිතනවද මේ වගේ එකෙක්ට
4,සිරස සුරංග ගොඩක් ස්තූතියි මිනිසුන් පට්ට චරිත කියලා හිතාගෙන ඉන්න උන් තනිකරම මැටි ගොඩවල් කියලා ලෝකේටම පෙන්වන එකට
5,අනේ රවිකටපියාගන පලයංඛං
6,මරු බඩුව සජිත් විධායක ජනාධිපති ක්රමය අහෝසිකරන්න අරමුණම බොරුවක්
7,රස්සාව කරගෙන හිටුයකෝ රටට සාපයක් නොවී මේවගේ පිස්සු දේශපාලනයක් ලෝකෙ කොහෙවත් නෑ පක්ෂ එන්නෙ මිනිස්සුන්ට පැණි බෙදන්න වගේ නමුත් අරමුණ බල පෙරේතකම
8,රවී මේ දවස් වල සේපාල කියන නාකි කුහක රැවුලත් එක්ක සිරසට ගහනව ගහන්න වෙනව තමයි රවීගෙ කලිසම ඔලුවෙන් ගැලෙව්වෙ සිරසෙ සටනෙන්නෙ
9,සිරස නිසා අපට අවස්ථාව ලැබෙනවා හරක් හදුනාගෙන හරි මිනිහාව තෝරා ගන්න
10,අනේ පිංවත් ශ්රීලංකිකයිනි පක්ෂයේ ව්යවස්ථාව ගැන නොදත් මේ වගේ හරක් පාර්ලිමේන්තු යවනවාද
11,කුමුදේශ් ලා කරන දේශපාලනය නම්මොකෙකුට හෝ කඩේ යන එකගෝතයෝ දන්න රස්සවක් කරගෙන ඉදහං ගෑනු දරුවන්ට ලැජ්ජා නොකර
12,රවි හොදා වැහි කාලයට හරහට දාල රෙන්න
13,මු හිවලෙක් නෙ තාම දන්නද්ද
14,භාගෙට බාගයක් මරි මොන්ගල් අමන කුල්ල කුජිත චරිත තමයි ඉන්නෙ බොහෝම ස්තුතියි සුරංග මහතා ඇතුලු සිරස මාධ්ය ජාලයේ සියලුම දෙනාට
15,යකෝ මුන් පාර්ලිමේන්තු ගියානම් වහ කන්න වෙන්නෙසාමාන්ය මිනිස්සු විදියට අපි දන්න දේවල් වත් මුන් දන්නෙ නෑනෙ
16,උවිදු ගොඩක් බුද්ධිමත්
17,මොලේ නැති අය තමයි රට හදන්නේ රවි
18,මේ විදිහට අසරණ කරන්න එපා පවු
19,මුං කීපාරක් විදායක ජනපති කම ඉවත් කරනවා කියල කිවුවද
20,ඉතින් ඔතන එකෙක්වත් හරියට කිව්වෙ නෑනෙ පක්ෂෙ ව්යවස්ථාවෙ අරමුණ
21,අපි නම් දන්නවා මෙයා කරන හැමදේම සල්ලි දීල සබන් අරන් ගිහිල්ලා හොදටම නාගෙන එන්නෙ කියලා මොලේ තියෙනවා ලුනේ
22,මෙයාටම හරියන තව කෙනෙක් ඉන්නේ මෙයා දක්ශයෙක් කියන රුක්ශාන් බෙල්ලන එක හා සමානයි
23,රන්ජන්ගෙ පස්සෙන් ඉල්ලනව කියන්නෙම ඉතින් අමු ගවයො වෙන්නෙපැයි
24,ඕනි කෙනෙක් ඉන්නවාද ඇදගෙන නා ගන්නවාද අයියෝ ගමේ කුමුදේශ් කිව්වොත් ඉතින් නෑමක් තමයි කුමුදේශ් අයියා සහ උපේක්ෂා ස්වර්ණමාලි නිවුන්නු වගේ කියලා හිතෙන්නෙ මට විතරද
25,අරමුණ නිශ්චිත වියයුතුයි එක එකාට එක එක ඒවා කියන්න බෑ ඒ නිසා ඒක ලිඛිතව තබා ගන්නවා ලිඛිත ව්යවස්තාවක් නෑ කියන්නෙ ඉතින් මුන්ගේ පක්ශ ගැන හිතාගන්න
26,මේ මී හරක් තමයි ටයි දාගන පක්ෂ ව්යවස්ථාව දන්නේ නැතුව පක්ෂ ව්යවස්තාව වැඩක්නැ කියාගන පාර්ලිමේන්තු එන්න හදන්නේ මීට වඩා හොදයි කක්කුස්සි වලක් කඩාග කෑවනම්
27,වැදගත් මිනිහෙක් කියල හිතාගෙන හිටියේ බැලින්නං සල්ලි වලට ආත්මය පාවා දෙන ජරා මනුස්සයෙක්
28,ඉතින් දැන් අපිට තේරෙනවා අනුර ආවම සුරංගලා බොහොම සංයමයෙන් ප්රශ්න කරන්නේ ඇයි කියලා සබ්ජෙක්ට් එක දන්න කෙනත් එක්ක බලල් මී සෙල්ලම් බෑ මිනිහා නොමිනිහා දනීකුණු මාලු සියඹලා දනී
29,රවි කුමුදේස්ලා මහා පොරවල් කියලා අපි හිතුවෙඅයියෝතමන් චන්දෙ ඉල්ලන පක්ෂයේ ව්යවස්ථාව වත් නොදන්න බොළඳ එවුන් දැන් පක්ෂ ව්යවස්ථාවෙ තිබුනොත් වෙනම රාජ්යයක් පිහිටුවීමට කටයුතු කරනු ලැබේකියලා ඒත් මේකා දන්නෙ නෑනෙමූව පාර්ලිමේන්තු පාරෙන්වත් යවන්න හොඳ නෑ
30,උවිදු ඇයි ඔයා අලුත් පක්සයක් හදා ගත්තෙ තාත්තාගෙ අඩි පාරෙ ගියානම් අදත් ජනතාව ඔයාට ආදරෙයි
31,රවීට නාන්න මගෙන් ඩිටොල් සබන් කැටයක්
32,මුන්ගෙ නම ප්රසිද්ධ නිසා මුන් හිතාගෙන ඉන්නවා චන්දෙ දිනලා පාර්ලිමේන්තුවට රිංගන්න පුලුවන් කියලමුන්ව මේ පාර චන්දෙන්ම ගෙදර තියන එක රටේ ජනතාවට බාරයි
33,සුරංග අයියෙ සුපිරි මෙිවගෙ උන් පාර්ලිමේන්තු යන්න ඉස්සර මෙහෙම කරලා මිනිසුන් දැනුවත් කරන එක සුප්පා
34,ඔක පක්ෂයක් නෙවෙයි ලබ්බක්
35,සතුටු සුරංගත් ඩබල් පොකට් නේහරි හරි හරි
36,සුරංග අයියා අපේ හදවත ආදරෙයි
37,අනේ මුං දේශපාලනයට යවන්න එපා
38,මේක නම් බලා වැඩක් නැහැ එකට හොදට කඩේ යනවා මුන්
39,මුන් වගේ පිස්සන්ට චන්දෙ දෙන වුන්ටත් පිස්සො වෙන්න ඕන මුන් කොහෙද රටක් පාලනය කරන්නෙ
40,කොහෙන්ද මේ හරක් හොයාගන්නෙ සිරස
41,මේ වගේ එවුන් ඇයි බං මේ වගේ වලට ගේන්නෙ
42,ඔය වයස්තාව රන්ජන් දැකලාත් නෑ
43,ගු කාක්කා කුක්කා
44,යන්නේ කොහෙද මල්ලේ පොල්
45,කුමුදේශ් මෝඩයෙක්
46,අහනදේට උත්තර දීපන්කෝ
47,මේ යකා සිරස එක දිහා බලාගෙන අය බත් කටක්වත් කන එකක් නෑ
48,ඔය පුටුවේ වාඩිවෙන හැම එකාටම දියාරුවට බඩ යනවනේ
49,රවි උබට පිස්සුද
50,මම හසදු සදමිත
51,අයියෝ කුමුදේශ් සෞඛ්ය සේවාව වෙනුවෙන් පෙනී සිටින පතාක යෝධයකු ලෙස ප්රදර්ශනය කල ඔබද මේ
52,රවියා
53,මේ අය එන්නේ රට හදන්න නෙවේරට ඉවර කරන්නමොනවද මේ කියවන්නෙමේක සෙල්ලමක්දබය වෙන්න එපා එන්නේ නෑ
54,රවී කුමුදුස් මූව අරගෙන ගිහින් පට්ටි දාපල්ලා අමූ ගවයා
55,රවීල වගේ මීහරක් මුන්ව හොඳයි හරක් රැලකට පට්ටි දාන්න වෙසිගේ පුතාල කාලම කන්නි ජාතියක්
56,රවී කුමුදේශ් ඔයා ගෙදර ගිහින් ආයෙත් නාන්න එපාඔය නාන නෑවිල්ල හොදටම ඇති අයියෝ සාමී මොනවදමේවට කියන්නෙ කියලහිතාගන්න බැහ්ෂ්
57,රවි කුමුදෙශ් දන්නේ ස්ට්රයික් කරන්න විතරයි
58,මෙච්චර කල් හිටියෙත් මැට්ටො ආයි යන්න ඇවිල්ල ඉන්නේ මැට් හරක් මුන්ගෙ රේදි ලේට් ස්තුතියි සිරසි
59,මම උවිදුට
60,නියමයි සුරන්ග මහත්තය
61,ජේවීපී එකෙත් ඉන්නෙ හාල්කිලෝ එකේ ගාන දන්නෙ නැති උන් ඔය ඡන්දෙත් ඉල්ලන්නෙ
62,පුසාද් සටනෙදි කියපු දේත් දාන්න පවූ නැතිනම්
63,ව්යවස්ථාවක් දන්නෙ නැති අපේක්ෂකයෝ ඉවත්කරමු
64,හැබැයි චැනල් එකට එන්න කියලා මෙහෙම නාවලා යවනවා නම් සබනුත් දෙන්න ඕනේ
65,මුං මො ආලීරාජාඝෙ සල්ලී වලට ගිය ඝංක්කීලි
66,ගොනෙක් මීහරකෙක් පිස්සෙක්
67,ඔය වගේ පිස්සන්ව ජනතාව පාර්ලිමේන්තුවට යවන්න එපා උන්ට කවදාවත් රටක් ගොඩ නගන්න බැහැ නියම වැඩ සටහන මේ වගේ මෝඩ එවුන් ඉන්නවා කියලා ජනතාවට පැහැදිිලි කිරිිම ගැන සිරස එකට ස්තුති කරනවා වැඩ සටහන කරන කට්ටියටත් ස්තුතියි
68,මේ වගේ වුන් මාද්යට ඇවිල්ලා ලොරිගානට පොර ටෝක් දෙනවා ඇත්තටම මොන දේශපාලකයෝ ද මොන දේවල් ද මෙයාලා දන්නේසටනට ඇවිත් චොර වෙනවාස්තුතියි සුරංග
69,තමුන්ගේ පක්ෂයේ විවස්තාව දන්නැති අමන මරි මෝඩ ගොං තකතීරු අංබරුවා වන රවී කුමුදේෂ් ගොනාට චන්දය දෙන ජනතාවට දෙවියන්ගේම පිහිටයි කුමුදේෂ් අංබරුවා ගියාට පස්සේ ඔය පුටුව හොඳට හෝදන්න ඕකා ඔය පුටුවේ ගොම දාලා ඇති
70,අනේ අම්මේ මුට චන්දෙ දෙනවා ද කියලා හා පාරක් හිතන්න ඕනේ
71,සටනෙන් හැමදාම දිනන්නේ සිරස
72,උන් දන්නෙවත් නෑ පක්ෂය ගැන
73,එක්සත් කොංග්රස් පක්ෂය පක්ෂ මූලස්ථානය නො ආචාර්ය පෙරේරා මාවත බොරැල්ල පුංචි තියෙටර් එක ඉදිරිපිට පරණ එක මොණරා පත්තරෙයිලයික ඥානම් එකයි යට තට්ටුවේ උඩතට්ටුවේ ඔය පක්ෂේ
74,සිස්ටම් චේන්ජ් ගැන රවි කථා කරනවා ඩුම ව්යවස්ථාව දන්නෙ නෑ මුන් වගේ රන්ජන්ලවගේ හාල් කෑලි මේකට ඇවිල්ල තමා මේකඑහෙම කුණු වලක් උනේ
75,පක්ෂයේ අරමුණ අල්ලිරාජාගේ ගෑනි ප්රේමදර්ශිනී සුබාස්කරන්ව ජාතික ලැයිස්තුවෙන් පාර්ලිමේන්තු ගෙන ඒම
76,අපේ මරණාධාර සමිතියටත් ව්යවස්ථාවක් තියෙනවාඅහෝ කේදයකි
77,පරණ පුරැදු සටන අපි නොදන්න ලයිව්
78,ගොන් රංජාත් මෙ මොනවත් දන්නෙ නැතුව ඇති එකා නලු කමින් පුප්පගෙන ඉන්න ගොනෙක්නෙ
79,උපෙක්ෂා ස්වර්ණ මාලීගෙන් ඇහුව නම් හොදයී රවී කුමුදෙශ් පවුඅප්පා
80,රටක් කරන්න කොටසක් ව්තරක් දැන ගෙන බෑ ඒක සුදුසුයි රැකියාවේ ව්ශේෂ කෙනෙක් වෙන්න
81,රවී වගේ උන් හොඳයි අඹේවෙලට
82,පව් සුරංග රවි පුටුවේ චු
83,වියවස්තාව දන්නෙ නැති එකෙක් මොනවද දේශපාලන කරන්නෙ ගෙදරට වෙලා ඉදපන් කානිය
84,අමු ගවයා සජබෙ එකත් දන්නෙ නෑ අරමුණ
85,වැඩ්ඩො වෙලා රඟ පෑවෙ මෙයාද කියලත් හිතෙනව
86,සල්ලි වලට කඩේ යන කුමුදේශ්
87,ඇයි මෙයා හැමතැනම ටයි එකක් දාගෙන අනේමංදපවූ
88,අම්මෝ පක්ෂෙ ගැන දැනුමකුමුදේශ්ගෙඡන්දදායකයට දෙයියන්ගෙම පිහිටයි
89,සුරංග
90,සටනට
91,කුමුදේශ් ගැන කනගාටුව ප්රකාශ කරනවා කොහොමද මෙයා රටක රාජ්ය පාලනයට සම්බන්ධ වෙන්නෙ
92,රවී කුමුදේශ් රෙදි නැතිව සබන් ගා හොදින් නාගත් වගයිදැන් බලාගෙන ඉමු මූට කීදෙනෙක් චන්දෙ දෙයිද කියලා
93,රෙදි ඉල්ලෙයි
94,සුරංග සුපිරි බ්රොඔයවගෙ අපතයන්ගෙ ප්රසිද්ධියෙ දෙශපාලනිකව නිරුවත් කරනවට
95,දික්ක පබ්බු ඥානයනොදකින් සුරංගය දන්න දේ විතරක් කතා කරපං ගොන් කතා කියන්නේ නැතුව
96,අශේන්වයි සීලරතන හිමිවයිත් ගේන්නකො
97,සිරස හෝ ගාල පාර්ලිමේන්තුව පිරිසිදු කරනව දවස ගානෙ
98,රෙවුන කුමුදේශ් පව් බම් උඹ පක්ෂයේ අරමුණවත් දන්නේ නෑ රෙදි ඉල්ලේ සිරස සටන
99,යකෝ කුමුදේශ් උබලට බෑ අපිව අන්දන්න රන්ජන්ලා උබලා එකතුවෙලා හදන්නේ රට ඉන්දියාවේ කොටියට දෙන්න
100,තෙලටද මිරිසටද අනේ දෙවියනි
101,රන්ජන් දිල්ෂාන් රවී කුමුදේශ් වගේ ගෝනි බීල්ලන්ට චන්දේ දෙන්න එපා
102,පුකේ විද්යාඥ්ඥයා
103,මෙයාදැකලා තියෙන්නෙ හම්බඋන මුදල පමනයි
104,ව්යවස්ථාවක් නැති පක්ෂයක් උදහරනයක් කියනවා නම් අරමුණක් නැති පක්ෂයක් හරියට පියෙකු නැතු දරුවේක් වගේ
105,රවි නිච වෙලා
106,පක්ෂයේ ව්යවස්ථාවක් නැති උන්ට චන්ද දෙන්නේ කව්ද යකෝ ඒ ගොන් වික්කා මුන් හිතන්නේ රටේ මිනිස්සු මෝඩයෝ කිඅලද සුරංග සහෝදරයා මේ වගේ පට්ට ගොන් අදහස් තියෙන අය ගෙන්නලා මිනිස්සු හිනස්සන එපා
107,අංක එකේ කුහක උද්දච්ච මිනිහෙක් තමයි මේ කුමුදේෂ් කියන ගවස් පේනව නේද කොච්චර අමු මරි මෝඩ ද කියල අම්බරුපැංච
108,රංජාගේ හඩ පට පක්ෂෙට ඡන්දෙ දෙන උනුත් ඉන්නවද බං ඉතින්
109,කුමුතේෂ් දෙපැත්තටම නැති එකෙක්
110,අපෝ රන්ජගේ කට්ටියටනම් චන්ද්රෙ දෙන්න එපා එයාගේ වගේම වෙයි
111,රවී ගිහිල්ලා අල්ලිරාජාගේ පස්ස හේදුවානම් හොඳයි ලැජ්ජයි
112,ඔය මව් බිම පක්ෂය කියන්නේ තවත් රාජපක්ෂ ලගේ ඩමියක් හදිස්සියේ පොහොට්ටුව පර උනොත් එල්ලෙන්න පක්ෂයක් ඕනේ නිසා හදපු පක්ෂයක් එකයි උදය ගම්මන්පිල වීරවංස වගේ ජාතිවාදීන් ඔය පක්ෂයේ එල්ලීගෙන ඉන්නේ දිලිත් ගෝටා ට කඩේ ගිය හැටි අපි දන්නේ නැද්ද ජතිවදේ අවුස්සලා චන්දෙ ගන්න ඒකතමයි ඔය පක්ෂේ ප්රතිපත්තිය නැත්නම් කැළණි ගගෙන් නයෙක් මතුවෙලා චන්දෙ ගන්න එක ඔය පක්ෂේ කවද හරි එකතු වෙන්නේ රාජපක්ෂලා එක්ක අද ලිය තිය ගන්න
113,රවී කවදාවත් මොනා උනත් ටහි ඒක ගලවන්නේ නෑ මරු අදත් හිනා ලේ පිරිසිදු උනා අප්ප තැන්ක්ස් සුරංග පුළුවන්නම් හැමදාම රවී ව ගෙහෙන්න අපේ නායකත්වය මණ්ඩලලේ
114,අනාත වෙලා ඉන්න රවී කව්රුත් ගත්තේ නැති නිසා රන්ජන් වගේ අපතයයෙක් ගේ සබාපති යටතේ චන්දෙ ඉල්ලීම හැර වෙන කරන්න දෙයක් තබුනේ නෑ හැමදාම තමන්ගේ බඩ ගැන හිතලා වැඩ වර්ජනය කරල අසරණ මිනිස්සු දුකට පත් කල රවී වගේ ගොන් හරකෙකුට හැර ඕනෙම පක්ෂයකඩ චන්දෙ දෙන්න
115,ගංජා ගහපු උන් මේවට ගෙන්නන්න එපා සුරංග
116,කටට එන එක කියන්න ව්යවස්තා කියවන්නේ මොකටද
117,උගත් ගොබ්බයො කියල ජාතියක් ඉන්නව මූ ඇවිල්ල හොඳම උදාහරණය කෂඩ කොන්ත්රාත්කාරයෙක්
118,අශේන් දමිතා රුවන්ති මහේශි ගෙන්නන්න ඊළගට
119,පව් මෙයාලට චන්දය දෙන්නට පෙර සිය වතාවක් හිතන්න වේවි
120,පව් රවී
121,රව් කුමුදේශ්ල වෙනුවෙන් වෙන්කරන කාලය අපතේ
122,අම්බෝ මේ ප්රෝග්රෑම් එකේ සිරස දෙන ආතල් මුන්ට කොහොම අපේක්ෂක කම දුන්නද මං දන්නෑ මුං පාර්ලිමේන්තුවට යවන උන්ට අබසරණයි
123,මහේෂි මදුසංඛා නාමල් උඩුගමගේ වයිෆ් අනුෂා දමයන්ති ලක්අමිමා එයාලවත් පොඩිඩක් ගෙන්නන් තිබුනේ අෆ්ෆා
124,උවිදු කියන්නෙත් පට්ට ගොනෙක්
125,රෙදි ගලවනවා තියාගෙන ඉතින්
126,තමුන් දන්න වුර්තිය කරගෙන ඉන්නෙ නැතිව නොදන්න දේශපාලනය කරන්ඩ ඇවිත් රවිකුදේශ් හානවා පක්ෂයක ව්යවස්ථාව නොදකින මිනිහා පක්ෂ ව්යවස්ථාවට ගරු නොකරන මිනිහා රාජ්ය ව්යවස්ථාවටත් ගරු කරන්නෙ නැහැ පක්ෂයක ව්යවස්ථාව කියන්නෙ හරියට විදුරුවක් වගේ ඒ තුලින් තමයි රටේ සාමාන්ය ජනතාවටමේ පක්ෂය කොහොම රට පාලනය කරයිද කියලා හොදටම පැහැදිලියි රව්කුමුදේශ්ලා දේශපාලනය කරන්නෙ එක්කො කාගෙන් හරි පලිගන්න නැත්තං වරප්රසාද භුක්තිවිදින්ඩ මේ වගේ අයව පාර්ලිමේන්තුවට එවන්ඩ එපා කවුරු උනත් කමක් නැහැ මොන පක්ෂයක උනත් කමක් නැහැ එවන්ඩ එපා මේ එන්නෙ අපේ මුදල් කාබාසිනියා කරන අදහසින්
127,අපේ ගමේ මරනාධාර සමිතියේත් ව්යවස්තාවක් තියනවා
128,මෙයාලගෙ ව්යවස්ථාව තියෙන්නේ ස්වර්ණවාහිනිය තූල කාලකන්ණින්ට හොරා කන්න මෙ දගලන්නේ තම අමනයෙක් හිටියා සමන් රත්නප්රිය
129,රන්ජන්ට කවුද අනේ චන්දෙ දෙන්නෙ
130,ඔය උත්තාගේ කණට ගහලා අයින් කරා
131,මේ වගේ වැඩසටහනක් කලින් ගියා සිරසෙම අපි නෝදන්න කියලා අදනං සටන ඒක කරා කුමුදේශ්
132,මූ අඩුම මේ ප්රෝගරම් එක බලලවත් නෙවෙයිද ඇවිලා තියෙන්නේඑක්කො එන් නැතුව ඉන්ඩ ඕනේ මෝඩ කමේ උපරිමයඅනේ කරුනාකරලා ඉල්ලනවා මේ වගේ හරක්ටනං කවුරුත් චන්දේ දෙන්ඩ එපා ප්ලීස්
133,හොඳටම පැහැදිලි මේ පක්ශෙ අටවගත්තෙ බලය ගන්න නෙමෙයි කුලියට ඡන්ද කඩන්න කියල
134,රවි කුමුදේශයා ගහලා පන්නපියව් ජනතාව නි
135,කුමුදේශ් දොස්තර පාර්ලිමේන්තුව හදන්නේ නැතුව චන්දේ ජනතාව දැනුවත් වෙන්න
136,බල්ලොන්ටත් පක්ෂයක් හදන්න පුළුවන් වගේ ඒ පාර
137,ටයි කෝට් දාගන මුන් ඇදගන නානවා චන්දෙ දෙන හරකුත් ඉන්නවනේ
138,ගොම ගොඩක් මේ යක්කු දේශපාලන දැනුමක් නැති මුන් ට ජන්දය දෙනවද කියලා හිතන්න ජනතාවට දැනුම් දෙන සටන සුපිරියි සුරංග සුපිරියි
139,මේ වගෙ කාලකන්නි පාර්ලිමේන්තුවේ ඉන්නව කියන්නෙ හිතාගන්නිල්ලකො මුන්ව ගෙන්වන්න හදන උන් ගැන
140,මහේෂි මදුශංකාව ගෙන්නන්නකො
141,නම වෙනස් කරමුනාවන සටන
142,කොන්ත්රාත් කාරයන්ට මොන විවස්තාද සුරංග
143,ගොන්ජගෙ පක්ෂෙ ව්යවස්ථාව හදන්න ගොන්ජට චාරයක් තිබිල එපැයිඋගෙ පක්ෂෙ ව්යවස්ථාවත් ඌ වගේම චාරයක් නැති ව්යවස්ථාවක් තමයි
144,තනිකරම
145,රවී කුමුදේෂ් කිසිසේත්ම දේශපාලනයට සුදුසු පුද්ගලයෙක් නෙමෙයි කියලා මේ සාකච්ඡාවෙන්ම තේරෙනවානේ
146,තව දීපල් ලා පුළුවන් නම් ඡන්ද ය මූ වගේ එවුන්ට
147,මැට් ගොඩවල්
148,දැකලා නැද්ද
149,අනේ මූ ලෙඩ්ඩූන්ට කොහොම බේහෙත් දෙනවදආආආආආ නායකයා ගොංජානේ ආයෙ මොනව අහන්නද
150,රවි කුමුදේශ් පහුගිය කාලේ කෙහෙලියට හීනියට කඩේ ගියා වගේ මතකයි
151,සුරංග ජයවේවා සිරස
152,යකෝ කියපන්කො පොහොසත් රටක් ජනතාව වට ලස්සන ජිවිතයක් තමා මගේ ව්වස්ථාව කියල
153,ඇත්තටම සුරංග
154,අපරාධයක් මේ නාලිකා වල ගුවන් කාලයක්
155,රංජත් මොංගල් උගේ පක්ෂෙන් ඉල්ලන උනුත් මොංගල්දිල්ෂාන්වත් ගෙන්නන්නකෝ මාරුවට තියෙයිඩිල්ෂාන් ගෑනි නැතුව ගියොත් කතා කරගන්නත් බෑ
156,මේ මොක්කුද ඕයි මේ මුන් මොකටද මේ එක එකාව මේ ගමන පාර්ලිමේන්තු යවන්නේමේ රටේ මේ දේශපාලන වෙනස මුන්ව මේ ගමන යවලා කරන්න පුලුවන්ද
157,මේ හරක් ට්ක ආවොත් රටේ ඉතිරි ටිකත් ඉවරයි මුන්ට ඕනෙ පක්ෂයක් හදන එක තමයි අරමුණ ජනතාවට ඕනෙ හෙනයක්
158,දෙසපාලනය කුමක්ද දන්නෙ නැති අයවද පාර්ලිමේන්තුව ට යවන්නෙ
159,අනේ මෙකට පුළුවන් නම් රන්ජන්ගෙ පක්ශේ අයව ගෙන්නකොමහෙශිව එහෙම
160,අලි රාජාගේ කොන්ත්රාත්කරුවන්ට මොකටද සුරංග පක්ෂ ව්යවස්ථා
161,ගු අප්පා කුමුදේශ්
162,කුමුදේස් ඔයා ආස ලක්ස් වලටද බේබි සබන් වලටද එහෙමත් නැත්නම් ක් විසබීජ නසන ඩෙටෝල් සබන් වලටද
163,ජනතා දැනුවත්කරණය වෙනුවට වැඩ වර්ජන කරමින් දහස් ගනන් රෝගීන් දින ගනන් කායික මානසික පීඩාවන්ට ලක්කිරීමට තරම් ම්ලේය්යඡ හදවතක් හිමි පුද්ගලෙයකු ජනතා සේවය ට කෙතරම් සුදුසු ද
164,සුරංගට මල් මිටක්
165,පර්ලිමේන්තු මන්ත්රී කෙනෙක් වෙන්න යන්නේ ෂුවර්ළු සිරිසෙන වාගේ
166,යකෝ මං එකේ හිටියේ පුකුස් ගාලා හිනත් ගියා ඕයි
167,පක්ෂ ව්යවස්ථාව අරමුණ හරියට කිව්වේ උවිඳු විජේවීර විතරයි අනිත් දෙන්නත් කිව්වේ රවී කුමුදේශ් කිව්ව විදිහම උත්තරයමයි ජාතික ජනබල වේගේ අරමුණ ළඟ හිටගෙන මේ වගේ කියලා ළඟින් ගියාහැබැයි උවිඳු වගේ කෙලින් කිව්වේ නෑ කවුරුත් මෙතන සරලයි
168,අද මුලු රට එක මිටකට මැතිසබය කරමු මාලිමාවෙන් පුරවමු ජාතික ජනබල වේගය
169,කුමුදේශ් උඹට රටේ ඕනෑම පක්ෂයකට මුක්කු ගහන්න පුළුවන් හැබැයි මාලිමාවට උඹ වගේ ගොබ්බයෝ ගන්නෙ නෑ
170,සිරස
171,අහෝ කුමුදේශ් නොදිටි මොක්පුර සුරංග ඇතුලු සියලුම මාධ්යවෙදින්ට මාගේ ආදරණීය ප්රණාමය ආදරෙයි පක්ෂේ ව්යවස්ථාව දන්නේ නැති රවී දේශපාලනයට නොයා දොස්තර වැඩේ කරගෙන ඉන්න එක හොදයි දන්න එකෙක්ට මේ වගේ ගොම් පක්ෂ වලට ජන්දේ දෙන්න හොද නැහැ
172,තවමත් රටේ පුරවැසියා කියන එකා තනි තනිව හෝ කීප දෙනෙක් සමග බුද්ධි ඝනනය කරනවාවැඩක් කරන්නදනෑ නේදපෝයට ජාතක කතා රහ කරලා ශ්රවනය කරනවාවදුරන්ටත් නායකයෙක් හිටියාඋන් නායකයට උදව්කරාකියන කාරනයවත් තේරුම් අරන් දැන්වත් ඔක්කොම එකට එකතු කරන්න උත්සාහ ගත්තොත් එක එකගෙ බුද්ධිවාර්ථාව ජනතාව හමුවේ තබනවට වැඩිය වටිනා පුණ්යකර්මයක් වෙයි නේදකිසිවක් තනිව සිදු කල නොහැක වගේම ඔය එක එකා කියන දේසං මොකක්ද එකෙන් බලය ඉල්ලනවනම් රටට සේවය කරන්න මේ මොහොතෙත් දේශද්රෝහි ලිස්ට් එකට කීදෙනෙක් ඇතුලත් වේවිදදුම් කව්ලුව විතරක් පේන්න ගිලුන නැව නෑ පතුලට යන්න දෙන්නෙත් නෑ කොහොමහරි ගොඩට ගේනවා කියා වීර්ය් කරන නායකයෙක් හැම උත්සහයක්ම ගන්නවා කියා දැක දැක දින කීයද ගතවුනේ ස්ටේජ්වල කෝ කරාද කියලා බෙරිහන් දෙන අමනුස්සකම් දකිනකොටනෑ උන් කරන්නනම් බලය දියව් කියනවා විතරයිකරන්න හදන පිරිසට භක්තියෙන් සහය වනවා නෙවෙයි කියා හිතෙනකොටඕකුන් කියන දේසංඉහත කී දේශද්රෝහි ලිස්ට් එකට වැටෙන කොට අපලෙ කොහෙද තිබිලා තියෙන්නෙමනුදම්
173,රටේ ජනාධිපතිවරයා මේ සටන ට ඇවිල්ලා ලස්සන විදිහට සංයමයකින් උත්තර දුන්නේ යකෝ මේ මී හරක් මොකුන්ද අප්පා
174,මේ වගේ කාලකණ්ණින්ට නම් චන්දේ දෙන්න එපා
175,ටයි පොල්ලක් දාගත්තට පසික්කාඩු කාලකන්නි යුනියන් එකක් කරාට ඕකා අමු හරකා
176,බ්ලාහ් බ්ලාහ් බ්ලාහ් පව් රවීයා
177,කොටිබලල්අතක් රංජනදන්නෙත් නැත
178,රංජන්වගේමගොංජෝකර්කෙනෙක්
179,මුන් වෘත්තීය සමිතියක් අටවා ගත්තා කියලා රට හදන්න සුදුස්සෝ නෙමෙයි
180,මූ මොකෙක්ද බන්
181,සිරසට බොහොම ස්තූතියිමීඩියා ඉස්සරහා වොයිස් කට්ටිය ඉස්සරහ ලොකු ලොකු සංදර්ශන පෙන්නුවාට ඇතුලේ පුස් චරිත කියලා ලෝකෙට පෙන්නපු සුරංගට බොහොම ස්තූතියිමාලිමාවට චන්දෙ දෙන්න
182,උවිදු විජේවීරගෙ මූණ දැක්කම මතක් වෙන්නෙම අපි වෙනුවෙන් කෑ ගහලා දඟලලා අන්තිමෙටම මරණෙන් වන්දි ගෙව්ව ඒ වීරයා රෝහණ විජේවීර සහෝදරයවමයිසමාවෙන්න රත්තරනේ මේ වෙලාවෙ ඦන්දෙ නම් එකට බහුතරය දෙන්න ඕන නිසා රට වෙනුවෙන් දෙනවාදවසක හොඳ දේශපාලකයෙක් වෙන්න සුභ පතනවා
183,රවී නානව නෑමක්ආයේ ලොවෙත් නැතිවෙන්නම වෘත්තීය සමිති වල පෙන්නුවත් වලදී ආපු නිසා තමයි මෙයාගෙ නිරුවත දැක ගත්තෙ
184,ඔන්න ඕක තමයි ප්රශ්නේ
185,ආවා රෙදි ඇදන් යන්නෙ හෙලුවෙන්
186,ඇන්ටිජන් හොරා ඩිලීට් ජයවීර ගෙයි රන්ජන් ගෙයි නාකි මයිනගෙයි සීයගෙයි වැඩපිළිවෙළ කරනව ඇරෙන්න මුන් දෙගොල්ලොම එකයි කුමුදේශ් රෙදි ඉල්ලෙ පක්ෂ ව්යයවස්ථාව වොයිස් රෙකෝඩින් එකක් හරි දාගනින් බූරු පුතාණෝට හරියන සෙට් එක
187,කොල්ලෝ යි බල්ලොයි නලුවොයි නිලියොයි ක්රිඩකයොයි අනෙ අපෙ මිනිස්සු වෙනුවෙන් නෙ මෙ පොරකන්නෙ කාලකණ්ණි මුන් ඔක්කොම
188,හය්යෝ මුන් කොහොමද ගෙදර යන්නේ රෙදි නැනේ
189,මන් හිතුවේ මේකට පොඩි මොලයක් හරි ඇති කියලා
190,මාධ්යවේදී සුරංග ආදරෙයි
191,අලිරාජා සමග හෙලුවෙන්
192,රෙහාන් වගේ බූරුවෙක් අපේ ගමේත් ඉන්නව
193,සටනට නම් ආයේ අපේක්ෂකයෝ ගෙන්න ගන්ඩ අමාරු වෙයි ඔච්චර අමාරුවෙ දැම්මොත්
194,නියමයි නියමයි ආතල්
195,මාලිමාවට ජයවේවා
196,මෙතනින් පාර්ලිමේන්තු යන්ඩ ඕනෙ උවිදු විතරයි
197,මෙ අය අතුරින් අහපු ප්රශ්න වලට තාර්කික හොද පිළිතුරු දුන්නෙ උවිදු විතරයි මම දැක්ක විදිහට
198,රවියාට මඩුවලිගෙන් ගහන්න ඔනි
199,සුරංග පොඩ්ඩක් ඉන්නකො මට වතුර ටිකක් දෙන්න
200,රවි කුමුදෙෂ් කියන්නෙ ඔනම බලු බෙට්ටක් අයිසින් කරන්න පුලුවන් පරයෙක්
201,එකෙන්ම රන්ජන්
202,සිරස සටනට අවෝත් ඔහොම තමයි යන්න වෙන්නේ
203,කෙටුම් පතක් යනුකුමක්දඅහන්න
204,චන්දන සුරියබන්ඩාර මහත්තයා එදා සටන කරන කොට බලා ඉන්න ආසයි ඒකටත් අද
205,රෙදි නැති වෙන්න අහගන්න වෙනව
206,පුදුම ඛේදවාචකයක් මේ වගේ ව්යවස්ථාවක් නැති පක්ෂයක රිංගල ඉන්න ඇට දෙක නැති රංජන්
207,හිටන් හුටන් රවී
208,තොට පිස්සු
209,විදේශ රටක න්යායපත්රයට අනුව යන පාවාදෙන පක්ශය
210,බුදු අම්මෝ මුන් අපිට හොද අනාගතයක් පොර කන තරමක්
211,රවී කුමුදේශ්
212,දේශපාලන පක්ෂයක් යනු සරලව ආණ්ඩු බලය ලබා ගැනීමේ අරමුණෙන් සංවිධාන වූ පුද්ගල කණ්ඩායමක් එය වෙනත් සංවිධානවලින් සමාගම්ව්ලින් වෘත්තීය සංගම් වලින් වෙනස් වෙන්නේ ඒ නිසායිදේශපාලන පක්ෂයක් නම් එහි අරමුණ බලය ලබා ගැනීම පමණයිජනතාව දේශපාලන වශයෙන් දැනුවත් කිරීම සංවිධානය කිරීම දේශපාලන පක්ශවල කාර්යයන් පමණයි දේශපාලන පක්ෂයක් නම් එයට ප්රකාශිත ආර්ථික දේශපාලන දර්ශනයක් මතවාදයක් මත සංවිධාන වී තිබිය යුතුයමේ ලක්ෂණ ටික නැති නම් එය හුදු සමිතියක් සංගමයක් පමණයිරංජන්ල්ගෙ පක්ෂවලට එහම මතවාදිමය අනන්යතාවයක් නෑ ඇත්තටම
213,මොක්කුද බං මුන් ගොංජවත් සටනට ගෙන්නන්ඩකො
214,ස ජ බ සහ එක්කෙනත් හරියට දන්නේ නෑ
215,කුම්කුදේස් මල්ලි ගෙදර ගිල්ල බය්යං කාලා බ්ය්ය ගන්ඩ
216,මුදල් වලට විකිනෙන උන් පක්ෂ ව්යවස්ථාව දන්නෙ කොහොමද සුරංග ජනතාව මුන් ගැන බලාගනීවි හෙන පොරවල් කියලා හිතන් ඉන්න උන් මැටි ගොඩවල් කියලා පෙන්නුවට සිරසට
217,රටක් ගැන නීතිය වියවස්තාවනොදන්න කුමුදෙසේ
218,පොහොට්ටුකාරයෝයි ගෑස් සිලින්ඩර් කාරයෝයි ආවනම් ඔහොම නේමේ නාන්නේ පීන පීන
219,ඔන්න ඔකයි ප්රස්නෙ
220,අලිරාජාගෙ කබ්බොත් සජබයියන්ට එහා
221,මෙයා මොන දේශපාලනය ගැන දන්නවද
222,දිව රෝල් කර කරා වැල් බයිලා ගහනවනිද්දකින් රටේ කරුමෙට උපන් කාලකන්නි වේගෙ පුතාලා මුන්ට බේරෙ වැවේ ඔබාගෙන ගහලත් මදි තූවසලය
223,රී ගෙන පාඩුවේ ඉන්නේ නැතුව රවී හැමතැනම ගාගත්තා
224,මුට උගේ පක්ෂයේ ව්යවස්ථාව ගැන අනෙක් පක්ෂවල මිනිසුන් කියල දෙන්න වෙලා මේ වගේ
225,අය්යො රවි
226,රවියා කියිය හහන්නේ ඔක්කොම දන්නවා වගේ තොපි ගිහින් වලින් ඉගෙන ගෙන වරෙන් රවියා
227,ආයේ පරණ අලුත් හොරුන්ට කිසිම අවස්ථාවක් ජනතාව දෙන්නේ නෑ මිනිස්සු රවට්ටන්න දැන් අමරුයි වහල්ලු හැර
228,පට්ට හොර තක්කඩියෙක් උන්ට මුකුත් ඕනේ නැ උන්ගේ දියුණුව විතරයි ව්යවස්ථාව දැකලත් න එහෙම එකක් න රන්ජන් පුකේ අරින කතා බඩු ග හන ඒවා තමයි ව්යවස්ථාවට දන්නා තියෙනේ
229,බූරුවන් ගෙනාවම ඔහොම තමයි
230,ලප වචාලයා අපු වෙලාවේ මේ කියවන මූසල නිවේදනයන් කිසි සද්දයක් නෑ මුන් දැන් කොහොමද මේ ගොපොල්ලෝ තඹුත්තේගම අන්දරේගේ ගූ රෙදි හෝදනවා පමනයි
231,මෙ වගෙ මෙලො දැනුමක් නැති පුත්තලම් බුරැවො පාර්ලිමේන්තු නොයවා ඉන්න වගබලා ගන්න පක්ෂ ව්යවස්ථාව දන්නෙ නැති හරකෙක් කොහොමද රටක් හදන්නෙ
232,ස්තුතියි සිරස ඔබේ සේවය ට මාලිමාව ට ජයවේවා
233,ජනපති ට වගේ ම මම සුරංග මහත්තයාටත් ආදරෙයි මොකද ඔහු රටට කලණ මිතුරෙක්
234,සුරංග උබ නම් නයාම කන්න ඕන
235,රවි ඔයා අනුර සහොදරයා දිහා බලලවත් ඉගෙන ගන්න දේශපාලනය ගැන
236,පාර්ලිමේන්තු එපා එපා එපා එපා
237,ජනාධිපති තුමෙනි ප්රශස්ති ගී කියන්නගෙන් පරිස්සම් වෙන්න
238,වෙන වෙන ඩීල් කියලා මිනිස්සුන්ට තේරෙනවා ඇති
239,සුරංගට බැදුම කර ප්රස්නය විතරයි මිනිසුන්ට ඊට වඩා තිබේනවා
240,මූ ව්යවස්ථාවත් දන්නේැහැ
241,ඉස්සර රූපවාහිනීයෙන් ජනතාව ඈත් කලාවාගේ සුරංග සිරසත් නැති කරන කොන්ත්රාත් නියමෙට කරනවා
242,අනේ මේ ගොන්නුන්ට ඡන්දෙ දෙන්න එපාමුන් සල්ලි වලට වැඩ කරන්නේ
243,ඇත්තටම මෙහෙමත් පක්ෂ සහ අපේක්ෂකයන් කුමුදේශ් වගේ මිනිස්සුන්ට
244,ඇයි ඔහු රවි කුමුසාෂ් ව්යවස්ථාවක් කීවේ ඔවුන් ඩැමි ව්යවස්ථාව නිර්මාණය කරන්නේ ලියාපදිංචි කිරීමේ අරමුණු සඳහා පමණි තිරසාර සංවර්ධනය සඳහා නොවේ හරිම දුකයි මේ අය ආයෙත් පොදු මහජන ඡන්දයෙන් සෙල්ලම් කරන්න හදනවා ප්රධාන අංගය නම් ඔහුගේ කතාවෙන් එය නිරූපණය වන බව අපට තේරුම් ගත හැකිය ඔවුන් දැනටමත් මුදල් වලින් යමෙකු හෝ සමහර පාර්ශවයන් මිලදී ගෙන ඇත ඕනෑම අහිතකර ප්රතිලාභ සඳහා ඔවුන් සමහර මහා ව්යාපාරිකයන් සහ ඩයස්පෝරාව යටතේ සිටින බව අපට තේරුම් ගත හැකිය අපේ දෙමළ සහෝදර සහෝදරියන් විසින් එය ප්රතික්ෂේප කරන ලද මේ අය මුදල් සඳහා පමණක් වැඩ කරන්නේ මුදල් ප්රතිලාභ සඳහා බව කනගාටුදායක තත්ත්වය නම් රන්ජන් ද මෙම පාර්ශවයන් සමඟ හවුල් වීමයි මොනතරම් කණගාටුදායකද යම් පක්ෂයකට ව්යවස්ථාවක් නොමැති සහ නිසි නොමැති නම් මැතිවරණයට පැමිණෙන්නේ ඉතා භයානක ය ශ්රී ලාංකිකයෙක් විදියට මේ වගේ පක්ෂ සම්බන්ධයෙන් සහ ජනතාව ගැඹුරින් හිතන්න ඕන ඔහු රවි කුමුදාෂ් තම පක්ෂ ව්යවස්ථාව කුමක් දැයි නොදනී කරුණාකර සාමාන්ය ජනතාව දැනුවත් වන්න මේ වගේ සියලුම පුද්ගලයන්ට නැවත නැවතත් ඔබ ගැඹුරින් සිතා බලන්න මේ අයට ඡන්දය දෙන්න අන්තිමට පොඩි පොඩි කෑලි ඔක්කොම නැවතත් ඔවුන් එකතු වෙනවා පාර්ලිමේන්තුවේ ආණ්ඩුවේ වත්මන් සංවර්ධන සැලසුම් එරෙහිව විපක්ෂය තර්ක නොකළ යුතු ඇත්තටම විරුද්ධ පක්ෂයක් අවශ්යයි නමුත් මේ ආකාරයේ මුදල් චේතනාවෙන් අලෙවි නිෂ්පාදන දේශපාලනඥයන් මෙන් නොවිය යුතුය ආණ්ඩුවේ සෑම ක්රියාකාරකමක්ම නිවැරදි කිරීම සඳහා යහපත් සිදුවීම් සඳහා සහ අහිතකර ක්රියාකාරකම් එරෙහිව රජය නිවැරදි මාවතකට ගෙන ඒමට ශ්රී ලංකාවට වඩා හොඳ අනාගතයක් සඳහා අත්වැල් බැඳ ගැනීමට වෘත්තීය කණ්ඩායමක් තිබිය යුතුය අවසාන වශයෙන් අපි සාමාන්ය ජනතාවගෙන් ඉල්ලා සිටින්නේ ඔබේ වටිනා ඡන්දය අපතේ නොයවා වටිනා මිනිසුන් වෙනුවෙන් ලබාදෙන ලෙසයි
245,පොන්න බුවාලා
246,කංචනවත් සිරසේ සටනට ගේන්නකෝ අහන ප්රශ්න වලට උතතර දෙන හැටි බලන්න ආසයි මේ වගේ උත්තර දීගන්න බැරිව අසරණ වෙනවා බලන්න ඕනේ සිරස මේ වගේ උන්ට ඡන්දය දෙන්නේ නෑ මොලේ තියෙන මිනිස්සු නම්
247,එක එක එකා එක එක කාලෙට එනව උන් අදාලම නැහැ
248,සිරාවටම සුරංග ඔය පොරවලි කියල කියා ගන්නා උන් ගෙනැල්ල උන්ගේ ාරදි ගලවන එකනමි සුපිරි මොන පක්සේ උනත් හැම කෙනාම හැමදේම දනිනේ නෑ එත් තමන්ට පොදු කාරණා ටිකවත් කියා ගන්න බැරි උන් පේනවා නේද
249,මාළිමාව හැර වෙන කිසිම එකක් අපිට අදාල නැහැ එච්චරයි
250,මොක්කුද බන් මේ
251,සුරංග සුපිරි
252,විජේවීර ට නෝන්ඩි කරන් නැතිව රස්සාවක් කරන්න උවිදු පුතා රාජපක්ෂ ගුබ්බයමෙත් ලැගල ගන්ට දෙයක් නෑ
253,මෙයා දෙමල ජාතික නේද ඩයස්පෝරාවට උදව් කරන
254,නලුවො තික ගෙන්නුව වගේම නිලියො තිකත් ගෙනෙන්න ඕනයි කියන අය ඕනා අය සහා එපා අය හේතුව ප්රකාශ කරන්න
255,බලයට පත් වන කිසිම පුද්ගලයෙකුට හෝ පක්ශයකට පාලනය කිරීමට අකුල්ම හෙලනකාලකන්නි පාහරතක්කඩියාරවි කුමුදේශ්
256,මූ මෛත්රීපාලගේ නෑයෙක්දටයි එකෙන් එල්ලිය බාල්කෙක
257,ස්තූතියි සිරස මෙ වගෙ කිසිම පලක් නොමැත අය ගැන ජනතාව අදුන්නලා දෙන එකට ජයවේවා මාලිමාවට පුරවමු මාලිමාව මමේ සැරෙ වරදවා ගන්න එපා බුද්ධිමත් ජනතාව නී පින්සිද්ධ වෙයි අපෙ ජනපති ට බලය දෙන්න ජයවේවා මාලිමාව
258,සුරංග මහත්මය ඔය වගේ මන්ද බුද්දිකයො නාවනකොට මැක්කන්ට බල්ලොන්ට ගාන සබං අරං එන්ඩ අමතක නොකර
259,මෙතන දේශපාලනය ගැන පොඩි හො දැනුමක් තියෙන එකෙක් ඉන්නෙ උවිදු විතරයි දුක ඌ ඉල්ලන්නෙත් කොහෙටවත් නැති එකකින්
260,සමීර දන්නෙත් නෑ රෙහාන් දන්නෙත් නෑ
261,මේවගෙ මී හරක් තමන්ගෙ පක්සෙ ව්යවස්ථාව දැක්කෙ නැති නොදන්න මොහු දැන්ම ඔතනින් අයින් කරන්න කාලය නාස්ති නොකර
262,සජිත්ව ගෙන්නාන්නේ කවදද
263,රවියට රෙවිල ඉන්නෙ
264,ටයි එකේ ගෞරවයවත් තියපන් සුරංගමීට රෙවී මුකුදේස්
265,උද්ඝෝෂණ කලා ගේ ඇතුලේ ප්රශ්න වලට අද්ටත් විසදුම් නෑ රෝගීන් වෙනුවෙන් කලේ මොන මගුලද රෝගින්ට කෑමට නොදි බිත්තරෙ මාලු කෑල්ලට කෙලින කෑම බෙදන හැත්තක් වාට්ටුවල වැඩට දාගෙන අස් වාට්ටුවෙ ඇස් කන කොන් දොස්තරලා රාජකාරි යෙ යොදාගෙන ඈසට දාන් බෙහෙත් නම් දෙක තුනකින් එකම බෙහෙත නිකුත් කරන වෙදර්ලා
266,මහේෂි මධුසංඛා ගෙන්වන්න
267,ජවිපෙ කට්ටිය මේ අද ඊයේ දේශපාලන යට ආපු උදවිය නෙමේ අපිට චන්දෙ නැති කාලෙ පටන් අපි ජ්විපෙ පැත්තෙ නැත්නම් උපන් මන් කැරල්ලෙ ත් හිටියා කියලා යු හබුද්දි අන්සෙයි කියන මන්ද බුද්දික නිලධරයට ගමේ වහල්ලු එසේ කියද්දි සැනෙන් ඒ ගැන පිලිගෙන මගෙ රැකියාවටත් කෙලවයි යෑ රැකියාවට ගද්දි ඇහුවෙත් දේශපාලනේ මොකක්ද කියලයි එ මේ දෙකෙන් කොක වුවත් කමක් නැ හැබැයි නොවිය යුතුයි එතකොට තුන් මුල්ලෙත් ජව්පෙ නෙමෙයිඅයින්වෙල
268,රවී කුමුදේශ් තියා රංජාවත් අර මෝඩ දිල්ශාන් වත් ඔය මයික් පක්යේ ව්යයවස්තාව දන්නේ නෑ අනික ඕකට ව්යයවස්තාවක් ඇතේත් නෑ
269,රන්ජා ගෙන් ඇහුවත් ඔච්චරයි ඕකුන් ඇති වැඩක් නෑ
270,නියමයි සුරංග
271,මුං දන්න දේශපාලනයක්
272,සුරංග නමි දෙනවා වැටෙන්නම මම දැකපු නිර්භීතම මාධ්ය වෙිදියෙක්
273,මම ඔහුව කලින් දැකලා නෑ නමුත් අරමුණ ඇහුවම ඒක කියාගන්න බැරිනම් මොකටද දේශපාලනය කරන්නෙ
274,ගොංජවත් ගෙන්නල පච කරල යවන්න පිලිස් සුරංග සිරස ප්ලිස්
275,මුන් සල්ලි වලට ඡන්ද කඩන්න එන උන් බං රන්ජනුත් පුදුම එකෙක්
276,අම්මෝ අම්මෝ අම්මෝ
277,පක්ෂ ව්යස්තාව තියා මොන එකක් වත් දන්නවායැ ඉන්න ඔක්කොම මොනාහරි මගුලක් අටො ගන්නවා දවසක් දෙකක් පාරෙ කෑගහනවා ඊලගට චන්දෙට ඉදිරිපත් වෙනවා කිසිම දේක දැන උගත් කමක් අවශ්ය වෙන්නේ නැහැ
278,සුරංග මහත්මයා නළු නිළියන්ටත් අවස්ථාව දුන්නෙත් අපි ආසයි එයාලා රට වෙනුවෙන් දෙන දායකත්වය අහන්න
279,සිරසේ මුගේ පාට් අනුර දිසානායකගේ සාකච්ඡාවේ තිබ්බෙ නැහැනේ මුන්ට තමයි කියන්නේ පිරිමි ගෑණු කියලා
280,ඉට පස්සෙ සුරංගට බනිනවා
281,සුරන්ග සුපිරි
282,පිස්සු යකෙක් කුමුදේශ්
283,මෙ රවිද මොකාද කියන එකා පර්මේන්ට් යන්නද මෙ සැරසිලා ඉන්නෙ මුන්ට චන්දේ දෙන්නේ කව්දඅපා මෙ පිස්සො මෙවට ගේන්න එප
284,අනුර ජනාධිපති සමග සටන වැඩසටහනදි සුංරගගේ හැසිරීම විවෙචන කල සජබනාකි සියාගේ වහු පැටියෝ මෙක බලලා තෙරුම් ගනිල්ලා සුරංගගේ ප්රශ්න වලට කෙලින් නිවැරදි පිලිතුරු දෙනවිට සුරංග හැසිරෙන විදිහරවි පක්ෂ ව්යවස්ථාව දන්නෙත් නැ
285,තවත් එකෙක්ගෙ රෙදි ගැලවූ සිරසට ස්තූතිය
286,මුන්වනෙ යකෝ පාර්ලිමේන්තු වට යවන්න හදන්නෙ
287,මට පේන විදියට විජේවීරගෙ පුතා යම් ප්රමාණයකට බුද්දිමත් වගේහොදයි යන්ඩ ඔහොම ඉදිරියට නායකත්වයට යන්ඩම බලාපොරොත්තුව
288,උවිදු කොහොමද
289,රවීට නොතේරෙන බව රවීට තේරෙන්නෙ නෑ
290,රංජා දැන් කඩිමුඩියෙ පක්ශෙ ව්යවස්තාව හොයනව ඇති නේද
291,ඔය කතා කරන්නෙ සල්ලි මල්ලි අලිරාජාගෙ සල්ලි කුටිටිය
292,මෙ වෙලාවෙ මාලිමාව හැරුනම ඉතුරු පක්ෂ ඔක්කොම හෙණ මරි මූඩ සෙට් එකක් තියාගෙන ඉන්න බව පැහැදිලියි
293,ඔය පදුරකට ගැහුවොත් ක් විතර විසික්වෙන පක්ශ ටික අඩු කරන්න බැරිද
294,මේ වගේ කල්ලතෝනි පක්ෂත් ඒවට ඇවිත් ඉන්න පිස්සු පූසොත් පාර්ලිමේන්තුව පැත්ත පළාතට යවන්නේ නැහැ මේ රටේ මිනිස්සු කුමුදේශ්ලා වගේ අය
295,සුරංග අපි ගෙන්වමුකො හැම පක්ෂයකම නලු නිලියො ටික මේ පාර ඡන්දෙ ඉල්ලන
296,රන්ජා පාලිමන්ට් ජෝක්ස් කරන්න හදනවා වගේ
297,සුරංග දේශපාලනය ගැන එකක් කරනවා වගේ
298,මේ වගේ උන් ඇයි බං ඡන්දෙ ඉල්ලන්නෙ පලයන් ගව පට්ටියකට
299,සෑම පාර්ලිමේන්තු මන්ත්රීවරයකුම පමණ ක් නොව ප්රාදේශීයසභාපලාත්සභා මන්ත්රීවරයකු ම පක්ෂයේ විවස්ථාව ගැන අවබෝධයක් තිබිය යුතුයි
300,අම්මපා මෙහෙමත් කාලකන්නිකනට ගහලා එලවන්න ඕනමොන විහිලුද මේ
301,සජියට සටනට ගෙන්නන්න බැරිද
302,උවිදු පව් අප්පකැප් එකක් දාගත්ත පලියට තාත්ත වාගෙ වෙන්නෙ නෑ
303,උවිදු ඇරෙන්න අනිත් තුන්දෙනාම පක්ෂ ව්යවස්ථාව දන්නෙ නෑ
304,රන්ජාගේ එව්න් පාර්ලිමන්ට් ගියොත් රට එකක් වෙනවා එකනම්
305,අපේ පක්ෂයේ ව්යවස්ථාව මුන් ඔක්කොම හොරු මල්ලී
306,මුන්ගෙ පක්ෂයක් නෙමේ මේක අලිරාජහෙ පක්ෂයඅරමුඅනක් නැති පක්ෂයකට චන්දෙ දෙන්නෙ ඉතින් අමුගවයො තමා
307,අඩෝ සුරංග ජේ වී පී හැත්ත දන්නවද උන් ගෙ ව්යවස්තාව
308,රවීගේ පක්සෙට චන්දයක් දෙනවනම් ඌ බත් කන හරකෙක්
309,දන්න ජොබ් එක කරගෙන හිටිය නම් ඔය මොන මගුලක් වත් නෑ නෙ
310,සුරංග ඔයා නියමයි මුං මැටි ගොඩවල් ඇත්තටම පසුගිය කාලයේදී හිටපු කාලකන්නිත් ඔහොමයි උන් ලංකාව අදුරන්නෙත් නෑමුංට චන්දය දෙන්න එපා කාලකන්නින්ට රටේ ජනතාව අනාත වෙනවා මාලිමාව විජයග්රහණය කරවමු
311,උව්දු කුරුණෑගලින් අංක
312,රවීගේ කතාව බොහෝවිට හරිඔය පක්ෂ විවස්තාවල තිබුන දේවල් කෙරුනනම් මේ වෙනකොට ලංකාව ඇමරිකාවටත් ණයදෙනවා ඔව් එකඅතකින් විවස්තාව කියන්නෙ පක්ෂය ලියාපදිංචි කරගැනීමට පමනක් යොදාගැනෙන ලියවිල්ලක්
313,මොනවද බං මූ කියන්නේ
314,මම මිට කලිනුත් කිවා මෙි කුමුදේශ් දන්න දෙශපාලනයක් නෑ මු බුරැවෙක් දන්න දොස්තර කම කරගෙන ඉන්නෙ නැතුව නිකන් පච වෙන්න කුමුදේශ් තමුසේ පටිට මොඩයෙක්
315,කියන මෙ ඇයි අනෙක් මාධ්යවේදියට අවස්ථාවක් නොදෙන්නේ
316,ඇයි කාන්තා සටනක් සංවිධානය කරන්න බැරි මහේෂි රුවන්ති පවිත්රා තලතා හරිනි රෝසි වගේ කාන්තාවො ගෙන්නන පක්ෂ විපක්ෂ සැවොවම
317,මේකා ගුලිකාල ඇවිත් තියෙන්නෙ කුනුදේස්
318,ජාතික ජනබලවේගයට ජයවේවා
319,සොරැ පන්නමු
320,අලුත් පක්ෂ කිසිම අරමුණක් නැති පක්ෂ
321,ඩබල්
322,පාර්ලිමේන්තු ගියත් මු ස්ටුයික් කරනවා පුරැද්දටමකාලකන්නියා දකින්නවත් මං කැමතිම නැපඩි ඉල්ලා හැමදාම ස්ටුයික් කරපු
323,මේ සටන වැඩසටහන කරන්නේ ගොඩක් හොඳ දෙයක් ඔහේ මුන බලලා ඡන්දෙ දෙන කළේ ඉවරයි අනේ මේ වගේ අයාවනම ඡන්දෙ දීලා ගෙන්න එපා
324,අශේන් සේනාරත්නටත් අවස්ථා වක් දෙන්න
325,රවි කුමුදෙශ් වගේ රට විනාශ කරපු මෙවගෙඅය පාර්ලිමේන්තුවට නොයවා සිටීමට ජනතාව වග බලා ගත යුතුයි
326,මේ වගේ ගොබ්බයින්ට ඡන්දෙ නොදී මාලිමාව සමග හොද ගමනක් යමු
327,ඔය යකා රවී කුමුදේශ් තමයි කොරෝනා කාලෙ චීනෙ හිරවෙලා හිටපු ළමයි ටික ලංකාවට ගෙනත් නිරෝධායනය කරනවට විරුද්ධ ප්රධානම පුද්ගලයා හැබැයි මොනවා වුනත් එවකට හිටපු රටේ නායකයා ඔය කැනහිලුන්ගෙ කතා ඇහුවෙ නැහැ ගුවන් යානයක් යවලා ලකාවට ගෙනත් ළමයි ටික බේරගත්තා හැමදාම වැඩ වර්ජන කරලා රට පහළටම ඇදලා දාපු තවත් කොටසක් තමයි මුං දේශපාලකයො වගේම
328,සියල්ල දත් සීයගෙ පක්ෂෙ
329,රවි කුමුදේශ්
330,සුරංග අය්යේ ඔබ සුපිරි චරිතයක් උඹ වගේ කොන්ද පණ තියෙන උන් ටික දෙනෙක් හරි හිටපු නිසා අපිට ජීවත් වෙන්න ලංකාව කියල රටක් තියෙනවා උඹට පිං සුරංග සහෝදරයා
331,මුන්ට චන්දෙ දෙන ජනතාව දෙවියන්ගෙ පිහිටයි
332,සුරංග ඔයවගේ ඉන්න ගොං අපේක්ශකයො තව තවත් ගේන්න මුන්ගෙ රෙදි ප්රසිද්දියේ ගලවන්න සිනා වෙවී ඔබට පුලුවන්
333,රංජන්ගෙ ගනිකාබඩු සමග තොපිසේරම තියන්න ජනතාවට බාරයි
334,මේ බලු පක්සේ මේ රටේ ජනතාව අන්දලා නියම අරමුණ සගවලා හොර රටට ජනතාවට අහිතකර රට කඩන්න බෙදන්න හදන මේ දරුණු පිලිකාව මුලින්ම උදුරා දමන්න මේ මහා මැතිවරණයෙන් මාලිමාවට පමණක් මේ රටේ සියළුම ජනතාවගේ වටිනා චන්දය ලබා දෙන්න මේ හොර මගඩි නළුවෝ ක්රීඩකයන් යොදා ගෙන මේ රටට නැවත ජාති බේද රට දෙකඩ කරන්න ඩයස්පොරවට ඩොලර් වලට කඩේ යන මේ වගේ උන් මේ දේශපාලනයෙන්ම පලවා හරිමු මාලිමාවට ජයවේවා
335,මාලිමාවට පමණක් ඡන්දය දෙන්න අනික් පිස්සො පිහාට්ටො ගේන්න ටපා
336,අම්මේ සිරස නලල බිම තියල වදිනවා මේ වගේ හරක් රටට අදුන්වල දෙනවට චරිත් චරිතේ කක්කී ගාගන ගියා ආය ලොවෙත් නැති වෙන්න ඉලගට මේයා තැන්ක්ස් සිරස කොල්ලනේ කෙල්ලනේ
337,රවි කුමුදේශ් කියන්නේ බුරැවෙක් රටට සාපයක් අමු පරයෙක් කාලකන්නියෙක්
338,රවි පැවති රජයන් ගේ වැරදි පෙන්වා දි්මට නිර්භයව ඉදිරිපත් වු කෙනෙක්
339,සුරංග
340,හපොයි ටයි එකටත් පාඩුයි කුමුදෙශ්
341,මේ ගොන්ද රට හදන්න සැරසෙන්නේ ප්රෙතිපත්තියක් කියන එකවත් නොදන්න හරක්
342,අමු ගවයෙක්
343,හරවත් සංවාදයක් කරන්න ඔතන ඉන්නේ එක්කෙනයි ඒ තමයි උවිදු විජේවීර
344,සිරස මාධ්ය සුනක රැල
345,මුන් පොරවල් වගේ හිටියට පට්ට ගොන්නු සුරංග ස්තුතිය
346,මූට චන්දේ දෙන්න හිතෙනවනම් ඔලුව අතගාලා බලහන් අං එනවද කියලා
347,කිසිම දෙයක් දන්නේ නැති එවුන් පාර්ලිමේන්තුවට ගිය නිසා තමයි රට කෑවේ
348,ඔහොම අසරණ කරන්න එපා සුරන්ග
349,මුන්ට නොමිනෙශන් දෙන උන් කොහොම හරක් වෙන්න ඔනේද
350,ඕකට ගේන්න තිබුනේ රන්ජන් හරකා උවත් දන්නේ නැතුව ඇති විවස්ථාව කියලා එකක් තිනවද කියලා මුන්ට චන්දෙ දෙන්න එපා මුන්ට ඕනි කොහම හරි සැප විදින්න
351,ඔය පොඩි පොඩි පක්ෂ හදලා මාලිමාවට පරාජය කරන්න හදන්නේ ඔවා වානා සිහින විතරයි මාලිමාවට බහුතර බලයක් දෙනවාමයි
352,හිනා එන්න එපාල යකෝ සුරංග විපතක්නෙ වෙලා තියෙන්නෙ
353,සිරසට ගොඩක් ස්තුතියි මෙ වගේ මුදලට අසුචි කන උදවිය සමාජයට හදුන්වා දීමගැන
354,මුන්ගේ ඇදුන් ඔලුවෙන් ගලොපු එක නම් පට්ට
355,උවිඳු කියන්නේ ඝෝඨාගේ සෙවණේ හැදු වැඩුණු ඔහුට සහාය දෙන්නෙක්
356,සරම කරේ තියන් අන්නාසි කොටුවක් මැදින් දුවපන් නරියා කුම්කුදේස්
357,මෝඩ සෙට් එක ගෙනල්ලා රෙදි නැතිව යැව්වෑකි
358,සජිත් එන්නෙ නැද්ද සටනට එනවනම් හෙන ආසයි
359,සුරන් ග මහතා ජය වෙවා
360,සරසවි කොල්ලො කෙල්ලන්ගේ සල්ලි දුන්න නම් හරි මහ ලොකු සමුලුවට ආපු
361,රවී කුමදේශ කියන්නෙම පිස්සෙක් හොස්පිල්වල අවුල් ඇති කළා මාත් සෞඛ්යයක් සේවකයෙක්
362,රංජටම හරියන බඩුව
363,මේ මොන නරියෙක් ද මු කඩේ ගියේ නැත්තේ කාටද
364,මේකා තමා සෞඛ්ය සේවයේ වර්ජන ඇතිකරන්නේ උණුවතුර බෝතල් හොරා වගේම කාලකණ්ණියෙක්
365,සුරංග ගෙන්නකෝ අනේ අර තුන් කට්ටුව දමිතා මහේෂි නාමල්ගේ ගැනී සින්දු කියන එකාගේ
366,මෝඩයා
367,සුරංග පිස්සු මිනිස්සු නිසාකාලය නාස්ති කරන්න
368,කනගාටුය් කනගාටුය් දොස්තරකෙනෙක් කොන්දොස්තර කෙනෙක් වුනාම විවස්තාවක් මක්කටද පුතේ
369,කව්ද තෝ මොන පක්ෂෙද
370,ගව රැලක් තව ඉතිරි වෙලා ඉන්නවනම් කරුණාකරල මේ වගේ ගොබ්බයන් වෙනුවෙන් වටිනා චන්දය භාවිතා කරන්න එපා මේව බලල බුද්දිමත්ව බලල නිවැරදි තීරණ ගනිල්ල
371,අඩේ සිරසට මාර ස්තුතියි සිරාවටම මේ බඩු ටික ගෙන්නලා රෙදි ඔලුවෙන් ගලවලම යවනවට
372,සජිත් මහත්තයව ගෙන්නන්නකෝ
373,අවජාතක පක්ෂ දැකල නැත්තන් බලා ගන්න චන්දෙ දෙන්න හිතන් ඉන්න හරකෙක් ඉන්නවනම් පොඩ්ඩක්වත් හිතපල්ල
374,තමන්ගෙ ජොබ් එක හරියට කරන්නැති මෙයාල සල්ලිවලට දන්නෙ නැති දේශපාලනයක් කරන්න ගිහින් අනා ගන්නවා
375,අනේ රවී කුමුදේශ් ලැජ්ජයි ඔයා ගැන ඔයා නේද රටක් හදන්න වැඩ වර්ජන මාලාවක් කරගෙන ගියේ
376,තරම් කිසිම කෙනෙක් සාර්ථක නැහැ
377,කුමුදේශ් උගත් කම මොකක්ද කියලා හිතෙනවා අමු හරක් රට කරන්න හදන්නේ
378,මුං කියන බහු බූත අපි පිලිගන්න ඕනද
379,එකට වගේම කවදා හරි උවිදු ට හොඳම හොඳ තැනක් ලැබෙනවා දවසක හොඳ නායකයෙක් වෙයිසුබපැතුම්
380,විලිලැජ්ජැයි යකො රෙදි ගැලෙව්වෙ සීරුවෙන් තියලා
381,මිනිස්සු සුරංගට බැන්නට එහෙම බැනල වැඩක්ද මෙහෙම මිනිස්සු ආවම ඔහොම ප්රශ්න අහන්න සිද්ද වෙනවනෙ
382,අනේ මේ හාල්පාරුවෝටනම් චන්දේ දෙන්න එපාඅපි ආයෙත් ඉවරයි
383,හිතන්නේ කුමුදේශ් බීල කියලා
384,රන් සමනල ජෝඩුව වාගේ නේද පක්ශ ව්යවස්ථාව
385,මොකෙක්ද බන් මේ
386,රංජාගොන් නිලියෝ මූ වගේ ගොබ්බයෝ එකෙන්ම එලවලා දාන්න ඕන
387,වගේ ඩයල් එකක් මූනත් ඒ වගේමයි
388,මේවගෙ වුන්ට ඡන්දෙ දෙන්නෙ මොන මොඩයොද
389,නාන්න ඕන නම් එන්න සිරසට
390,අපිට බැරිද අනුර ජනාධිපති තුමා ගෙනාවා වගේ ඔය කියන පට්ට වැඩ්ඩා සජිත් ප්රේමදාස ගෙනැල්ලා වැඩසටහනක් කරන්න අනේ අපි හරි ආසයි එතුමා රට හදන විදිය ගැන අදහසක් ගන්න
391,මුගෙන් අහන්න ඉස්සරහද පස්සද කටද හොඳ කියලා හේතුව මුගේ නායකයා කියන එකාට වැඩි පලපුරුද්දක තියෙන්නේ ඒකටනේ
392,අයියෝ රවී
393,මේ වෙලාවෙ අනිවාර්යයෙන්ම ඒ වගේම උවිදුත් දවසක නායකත්වය යායුතුයි
394,කඩිමුඩියේ අටෝගත්තු වලට මොන ව්යවස්ථා ද රවී කුමුදේශ්
395,මුන්ට ඡ්න්දෙ දිලා නිකන් අනුර සහොගේ ගමන අඩපණ කරන්න එපාඔක්කොම මිනිස්සු එකතුවෙලා මාලිමාවට කතිරය ගහන්න
396,සිරස
397,හූ
398,කුමුදෙස් පවි බන් උඔ අැදන් ඉන්න ටයි එකයි ජොකයි එ් දෙකේ නමිබුව වත් තියපන්කො
399,රවි කුමුදේශ්ට චනදය දෙන අය දෙවරක් නෙවෙයි පස්වරක්ම හිතන්න
400,මෙයා දන්නෙ වෘත්තීය සමිති කරන්න විතරයි එයා දේශපාලනය දන්නෙ නෑ මේක විහිලුවක්
401,රවි කුමුදේශ් කියන පුද්ගලයා දකිනකොටත් අප්පිරියයි මු මෙච්චරකල් කැගහල තියෙන්නේ මේ වගේ පක්ෂයකට සම්බන්ධවෙලා හරි පාර්ලිමේන්තුවට රිංගීම
402,වැඩසටහනේ නම වෙනස්කරමු නාගන්නට සිරසට
403,රංජන් මේ රවි වගේ තමන්ගේ විවස්ථාවවත් දන්නේ නැති උන් එක්ක ද පාර්ලිමේන්තුවට යන්න පොරකන්නේ මේවාත් රඟපැම් තමා මෙයාලගේ අබ ඇටයක් තරම්වත් මොලයක් නැති උන් මුන්ගේ පස්සේ වැටිගෙන රු ට බත් පැකට්ටුවට යනවනේ දෙයියනේ
404,මාලිමාවට ජය වේවා
405,පාර්ලිමේන්තු යවන්න ඕනේ එවුන් එපා එවුන් හොදට කියලා දෙනවා
406,කොහොමද උව්දු මාලිමාවෙන් ඉල්ලුවානම් මරු
407,මුන් නම් අමු ගවයන් චන්ඩෙ ඩිපල්ල තව මුන් වගෙ හාල් කාලි වලට
408,ඇඩෙනවා තමන්ගේ වැදගත් රස්සාව කරගෙන හිටියා නම් වැදගත් විදිහට ජිවත් වෙන්න තිබුනා ලොකයක් ඉදිරියේ පිචං වෙන්නේ නැතිව
409,ඇත්ත නොදන්නා හුවල් කරන එවුන්ට නියම උත්තරයක්
410,නළු නිලියෝ ටික ගෙන්නකෝ චන්දෙ ඉල්ලන ආසයි රන්ජන් මහේසි වගේ ව
411,මේ බෝඩ් ලෑලි පක්ෂවලට චන්දෙ දෙන්න එපාමේ වෙලාවෙ මාලිමාව ඉදිරියෙ කතිරෙ ගහන්නමේ පතුරු පක්ෂ පාර්ලිමේන්තු ගිහින් කරන්නෙ හොරු එක්ක එකතු වෙන එකඒ නිසා මුන්ව අනිවාර්යයෙන් එලවන්නම ඕනි
412,හැම පක්ෂෙකින්ම ඡන්දෙ ඉල්ලන කාන්තාවෝ ටිකත් මේකට ගේන්න ඕනේ
413,අද ඇවිත් නාගෙන ගියා
414,ලංකාව මෙච්චර කාලයක් තිබ්බ එක ලොකු දෙයක් මේ විදියට හරි
415,මයික් පල පල හිටියා මිසක් දොස්තර වැඩේ හරියට කලෙත් නැතුව එනව රට හදන්න
416,එයා දොස්තර නෙවෙයි
417,මේ වැඩ සටහන ගොඩක් හොඳයිමොකද මේ විදිහට අපේක්ෂකයින්ව ප්රශ්න කරන එකෙන් මිනිස්සුන්ට තේරෙනවා මුංගේ ගොබ්බ කංඅනාගතයේ දී පබාලා වගේ ගොං හැත්ත පාර්ලිමේන්තුවට යන එක වළක්වන්න පුළුවන්
418,ස්ට්රයික් කරවල ආණ්ඩු වට්ටන කොන්ත්රාත් කාරයො
419,මේ ගෝතයා හෙද සංගම් වලින් එලවිය යුතුය
420,අනේ පව් රවි කුමුදේශ්
421,සටනට හැමදාම ගවයෙක් ගෙන්වනවාම තමයි නියමයි සිරස
422,බලන අපට හිනා කාලා මැරෙන්න
423,පක්ෂ ව්යවස්ථාව වැඩක්ම නෑ රට පාලනයට මැතිවරණ ප්රතිපත්ති ප්රකාශනයට වුණත් කිසිම වලංගුභාවයක් නෑ මැතිවරණ කොමිසම අවසර දීලානම් ලකුණටයි පක්ෂයෙන් දීලා තියෙන නාමයෝජනා ලැයිස්තුවයි එතනින් එහාට දිනන්න පුලුවන්නම් රටේ ආණ්ඩුක්රම ව්යවස්ථාවයි අනෙකුත් නීතිරීති තමා දැනගන්න ඕනේ රට පාලනයට එදා වේල ටුවර්ස් වලට හදාගත්තු පක්ෂවලට ස්වාධීන කණ්ඩායම්වලටත් ප්රජාතන්ත්රවාදය තුල ඉඩක් හම්බවෙනවා ඡන්දේ ඉල්ලන්න දිනන්න මතකනේ ඔය පොල් ලෙලි කියපු කණ්ඩායම් නගරසභා වලත් ජයග්රහණ අත්කරගෙන පාලන බලය පිහිටුවලා පාලනය කලා කියලා හැබැයි මාධ්යයත් මේ වගේ වැඩසටහන් වල මොනවාහරි අහන්නත් එපැයි එතකොට තමා අපේක්ෂයන් තුල තියෙන හිස් බව එලියට එන්නේ එතකොට පාලනයට පත් කරලා යවන්න පහසුයි
424,මේ වගේ හරක් නම් දියවන්නා වට එවන්න එපා
425,සුරංගත් දැන් ඩබල් පොකට්
426,ලපයකුත් තියමු
427,මූ හිතාගෙන ඉන්නෙ පොඩ්ඩක් කතාකලාම දේශපාලන යට සුදුසුකම් ඇති කියලා මුන්ට චන්දෙ දෙන්න එපා
428,පබා වගේ එයත් එකාලේ දන්නේ නැ
429,මේ වාගෙ එවුන්ද වෘත්තීය සමිතිවල නායකත්වය දරන්නෙ මෙවුන් දිනුවොත් පාර්ලිමේන්තුවත් ඉවරයි රටත් ඉවරයිඅපිත් ඉවරයි
430,සුරංග ට හම්බ වෙනවා මි් පැටව් ඉතිං ටිකක් සෙල්ලං කරල නැති කරලම දානවා
431,ඔබගේ වටිනා ජන්දය මාලිමාවට දෙන්න ජයවේවා මාලිමාවට ජයවේවා මාලිමාවට ජයවේවා
432,අමු මැට්ටෙක්
433,ලැජ්ජයි හිරිකිතයි විලිලැජ්ජයි කුල්ල කුජීතයි පටිරෝල්
434,මූ කාලකන්නියෙක් මුන්ට ඔබගේ චන්දය දෙන්න හිතන්නවත් එපා රට වෙනුවෙන් මාලිමාවට චන්දය දෙමු
435,මූ ඇවිල්ලා ඔඩොක්කු කුක්කෝ
436,ලෙඩෙකුට බෙහෙතක් දීගෙන ඉන්නේ නැතුව එනවා රටට කරන්ඩ
437,එයා
438,ආය්යෝ මුන්ගැන හිතලා උබේ වටිනා චන්දය පාවිච්චි කරන්න මාලිමාවට ජයවේවා
439,අයියෝ ඇමිනෙනවා
440,මයික් එකක් හම්බවුනාම කතා කරන මනුස්සයෙක් මේ වගේ මලකඩ පක්ෂ පිටිපස්සෙ යන්න තරම් අද මිනිසුන් බොළඳ නැත ජනාධිපති අනුරට ඇති අරමුණ අපි තේරුම් ගෙන ඇත්තෙමු මාලමාවට ජයවෙිවා
441,නැට්ටෙ ඉඳන් ගොම
442,සටන ඔහොම්ම එන්න හදන ගෑනු සෙට් එකත් ගේන්ඩ
443,ගදගහනදෙසපාලනමඩගොරුවෙනෙලුම්පිපුනත්මේඅයමඩනානඋරො
444,ලෝක හොරෙක්
445,සුරංග මල්ලි ඔබට
446,අනුර කුමරුන් වන ජනාධිපති තුමා තමා නියමිත ආකාරයට උත්තර දුන්නේ ජයවේවා
447,රවීල රන්ජන්ල ලොක්ක සල්ලි දෙන හින්ද ඔහෙ චන්දෙ ඉල්ලනව මොනවට ඉල්ලනවද දන්නෙ නැ
448,රවී කුම්දේශ් වෘත්තිය සමිති කරන එක හොඳයි චන්දේ ඉල්ලනවට වඩා සුරංග හොඳයි ඔය විදිහට ප්රශ්න කරන එක බොරු දේශපාලනය ඉවත් කරන්න වෙනවාකුමුදේශ් ගොතගහනවා
449,වෘත්තීය සමිතිකරන කාලයේ මම මොහුට ගෞරවයක් තිබෙනවා දැන් නම් මේකා මට තඹ සතේකට වටින්නේ නෑ
450,අපරාදේ දොස් තර නිකන් සවුත්තු වුනා රට ට බලපෑමක් එල්ල කරන අලි රාජා සුබාස්කරන් ඩයස්පෝරාවෙ ඵකෙක්ට කඩෙ යනවා
451,යකෝ මේ වගේ උන්ට මිනිස්සු ඡන්දෙ දෙනවද
452,රවී නෑව නෑමක් පවි හෙන පොර ටෝක් දිදි හිටියෙ
453,මේ හාල් කෑලි පාර්ලිමේන්තු එවන්න එපාමාළිමාවට චන්දෙ දෙන්න මුං ඔක්කොම එකයිහොර හැත්ත
454,රවී ඇයි ඔයා මෙහෙම බලන්න අර රංජන් අය්යල පව් නේද
455,ඕනෑවට වඩා වැඩියි මාධ්යවේදියා හාමුදුරුවෝ වගේ නිර්පාක්ෂික වෙන්න ඕනේ ස්වාධීන වෙන්න ඕනේ
456,ජනතාවගෙ පැත්ත ගන්න එකේ වැරැද්දක් නෑ නෙ
457,මාලිමාව තමයි විසදුම සුරන්ග බොසා නං සුපිරියක්ජනතාව වෙනුවෙන් සත්ය හෙලිදරව් කරන්න කැපවෙනවට
458,මුන්ගෙ කට විතරයි වැඩ නෑ
459,මේවගේ ඇහින්දාස් ටීම්වලට චන්දේ දෙනඋන් මොලේ අමාරු කාරයෙක් වෙන්න ඕන
460,මට ආසයි සුරංග සජිත් ප්රේමදාසගෙන ප්රශ්න අහනවා බලන්නනිකම් මැවිලත් පේනවා සජියා නාන නැම සහ සුරංග හාන හෑම
461,මුන්ට ඡන්දේ දුන්නෙත් හිතාගන්න පුලුවන්නේ
462,සුරංගයා ඔයානම් එපා වෙනවා හලෝ කුමුදේශ් ගේ පෙති ගැලවිලා දැන් නටුව විතරයි ඉතුරු නියම මාධ්යවේදීන් ඉස්සරහට යනකොට දැනුමත් එක්ක යන්න ඕන කියලා දැන්වත් දේශපාලකයන්ගේ සහ දේශපාලකය කරන්න හදන අයට තේරුම් යන්න ඕනනියම මාධ්යවේදීන් කණ්ඩායමක් සිරසෙන් රටට බිහිකරලා තියෙනවාජඩ මාධ්යවේදීන් ටත් මේවා හොද ආදර්ශ ඉතින්
463,මුන් යවනවට වැඩිය හිටපු හොරු හොඳ නෑ
464,පට්ට ගොං හුතට කිව්ව නේද මං සුරංග එක්ක වාචාල දොඩවන්ඩ යන්ඩ එපා කියල හූතොඇටදෙකත් ගලෝ ගත්ත
465,මහේශි මදුසංකාව ගේන්නම ඕනි සුරංග අයියේ
466,තමන්ගෙ වාසියට කතිරේ ගහන්න එපාරට ගැන හිතලා මාලිමාවට ඡන්දේ දෙන්න
467,මේ කතා අහලා තවත් වෙනත් පක්ෂ වලට ඡන්දේ දෙනවා නම් ඉතින් උන් ගැන කතා කරන්න දෙයක් නෑ
468,මේ සිරස කැත වැඩ කරන්න එපා එන්න කියලා රෙදි ගලවනවා නේ
469,සිරසට එනව නම් සබන් රැගෙන එන්න පිංවතුනි
470,හොද ටයි කෝට දාගෙන ලොකු ටෝක් වටේටම දීලා හොදටම ඇදගෙන සබන් ගාලා නාගන්න ඕන නම් සිරසට එන්න ආදරෙයි සිරස මේ හඩ ජනතාවගේ හඩයි බුද්ධි ට මුල් තැන දෙන සිරස
471,සිරසෙ සටනෙ උන් අනුර ඇවිත් කෙබර කියන කොට අරක කකුල් අස්සේ හිර කරන් මීක් නැතුව ඉදල වෙන උන් ආවම පඩයො ලොරි ටෝක් වැඩ්ඩො ඔයිට හොදයි ලැට් වලක් කඩපල්ල
472,සුරංගයො අනෙක් ඵවුන්ටත් දීපන්කො මතෝ පොඩ්ඩක් කතා කරන්න
473,ලොල්
474,පිස්සෝ පිහාට්ටෝ
475,පක්ෂයක් නැතුව ව්යවස්ථාවක් තියෙන්න බෑ නේ
476,පව් කියලා හිතෙනවා මොනා කියන්න ද කියල රවි දන්නේත් නෑ
477,මුන්ට චන්දෙ දෙන උන් මේ මහා පොලව උඩ ජිවත් වෙන උන් වෙන්න බැ
478,මේ වගේ බූරුවෙක්
479,මු දොස්තර කෙනෙක් නොවුනේ ජනතාවගේ පෙර පිනකට
480,ගෙදර පාලනය කරන්න යනව කියල හිතේවුර්තීය සමිති කරේ කොහොමද අප්පා
481,අපි මාලිමාවට
482,සුරංග පඩයක් පෝමි කරන්න එපා
483,මූත් හරකෙක් මුන්ට චන්දෙ දෙන එවුනුත් හරක්
484,අම්මෝ මේ වගේ උන්ට නම් චන්දෙ දෙන්න එපා
485,උවිදු තාත්ත තරම් දක්ශ ණෑ කියල පේනව
486,මම මාලිමාවට ජන්දේ දෙන්නේඑත් ඔතැනින් පාර්ලිමේන්තු ඉන්න ඔනේ උවිදු පැහැදිලිව අනාගතය ක් තියෙනවා
487,පක්ෂේ ව්යවස්ථාව දැකලා නැති එකා දන්නේ නැති එකා රට හදන්න එන්නේ ඕකයි තත්වේ අහෝ කේදයකි
488,පැතුම් කර්නර් ගෙන්වන්නව්යවස්ථාවක්වත් නැති පක්ශයක්ද මේඑතකොට මේ මිනිස්සු කොච්චරනන් ජනතාව නොමග අරිනවදරන්ජන්ගෙ නලුකමේ ප්රසිද්ධියටයිබඩු බෙදීමේ ප්රසිද්ධියටයි රටක් පාලනය කරන්න පුලුවන්දමේ මිනිස්සු එක්ක වටවෙලා ඉන්න ජනතාවෙනි මේව අහගන්න
489,රෙවිලා පුක දෙපැත්තේ ගෑවුනා කියහන්කෝ
490,ජනතාවන් ගේ සේවාව නම් මම දන්නෙ නැ කියන්නෙ ම නැ
491,මේ මනුස්සයා කියන කතාව් ඇත්ත මේ සුරංග කියන එකා වචන අල්ලන් දගලනවාමටනම් පේන්න බෑසිරස ට පිස්සු ද මේ පිස්සු යකෙක්ව දාගෙන ආයතන ත් පච කරන්න මූ තනිකරම ජෙප්පෙක්ඌ හිත්න් ඉන්නේ ඌ කඩේ යන පක්ෂෙ විතරයි ලංකාවෙ දේශපාලන කරන්න ඕනේ කියලා
492,රවී බැක්සයිඩ් ගැන දන්නවද නැත්තං නායකතුමාගෙන් අහගන්න
493,මෙකාමාලිමාවෙි කඩෙයනඑකා මෙනලිකාවබලන්නඑපා මඩමඩමඩනාලිකාවසිරස
494,රෙදි ඉල්ලෙ කුමුදේශ් හරි අමාරුවෙන් මාද්යවේදියො හිනාව නවත්තන් ඉන්නෙ
495,මේ යකා රෝහල් විකිරණවේදියෙක් හැබැයි මූ කියන විදියට හොස්පිටල් එකේ ඩොක්ටර්ස්ලටත් වඩා උඩින් ඉන්නෙ මුන්ලු මෙයාලා ලලුපරිපුරක වෛද්ය නිලධාරින්ගේ සංගමය කියලා එකක් හදාගෙන පොර වෙන්න හදන පිස්සු හත්තෙක් මුන්ට ඡන්දෙ දෙන උන්ට ගහන්න ඕනි මඩු වලිගෙන්
496,විධායක ජනාධිපති ක්රමයේ වටිනාකම දැං මේ රටේ ජනතාවට මැනවින් වැටහෙනවාමොකද රටට ආදරේ ජනාධිපතිට විධායක ජනාධිපති ධුරය රත්රන් ඔටුන්නක්රට විනාශ කරන්ට බලන් එන රට ගැන කිසිම ආදරයක් නැති එකෙක්ට විධායක ජනාධිපති ධුරය කියන්නේ කටු ඔටුන්නක්
497,සිරසට ස්තුතියි චන්ද දීමට සුදුසුකම් තියෙන්නේ කවුද කියලා තෙරුම් කරලා දීම පිලිබද කුමුදේශ් වගෙ ගොන් හරක් එපා
498,මේකට මහේශි මදුශන්කා ගෙන්වන්න
499,රංජන් අයියගෙන් අහන්න වෙයි
500,නියමයිහැබැයි නන්නත්තාරයි
501,එයාට ඇවිදින්න අමාරුලු
502,මේක තමා පාර්ලිමේන්තුව කරලා දාන තැනසිරස සටන
503,මුන්ට චන්දෙ දෙන්න එපා
504,අපොයි රවී
505,රවි තොගෙ වෘෂණ කොශය තෝම ලාච්චුවේ දාලා හයියෙන් වහපිය ගොන් දඩිය පිරිමි ගානිකාවක් එක්ක පක්ෂයක් පිහිටවාගත්තලු
506,අනුර ඉස්සරහ විතරයි සුරන්ග දමනය වෙලා ඉන්නෙ චමුදිතයත් එහෙමයි
507,අම්මපා අ නු ර කු මා ර යා ආපු ගමන් උන් හා පැටව් වගේ
508,මේ කාලයේ උගේ අධ්යාත්මික නායකයා අනුර ඒකයි
509,ඒක අනුරගේ දැනුම එයාලට ප්රශ්න කරන්න දෙයක් ඉතුරු කරන් නෑමොනව ඇහුවත් පිලිවෙලට උත්තර දෙන්න පුලුවන්හේතුව එයාලා හොරකම් කරලා නෑ සහ ඕනිම ක්ශේත්රයක් ගැන මනා දැනුමක් තියනවා ඕනිම නිවේදකයෙක්ගේ ඕනිම ප්රශ්නෙකට උත්තර දෙන්න පුලුවන්
510,මිනිහෙක් දැක්කම කලබල නොවුනට හරක් දැක්කම සුරංගල කලබල වෙනවඒකයි හේතුවඅනුර කියන්නෙ සන්සුන්ව කතා කරන මහත්තයෙක්
511,තමන් නොදන්න ක්ෂේත්ර නියෝජනය කරන්න ගියාම මිනිස්සු නාගන්නවා
512,හොරු යවන්නත් බෑ මේ වගේ මෝඩයෝ යවන්නත් බෑ අපි අසරණ වෙලා වගේ
513,ඇයි කුමුදේශ් ඔයා ඔය තත්වෙට වැටුනේ බෙල්ලන නොපෙනෙන පැතිවලිනුත් වෙනවා ඇති
514,මෙහෙම උන්ද රට හදන්නේ මුන්ට ඕනේ කොහොම හරි චන්ද ලක්ස තුනක් විතර අරගෙන ජාතික ලැයිස්තුවෙන් හරි පාර්ලිමන්ට් ගිහින් පාර්ලිමේන්තු කැන්ටින් එකෙන් කලා එකක් අරගෙන අපේ බදු මුදලින් ජිවත් වෙන්න ගන්න උත්සහයක් පමණයි මේ කරන්නේ
515,කුමුදේශුයි උණු වතුර බෝතල් කාරයයි දෙන්නම එකයි හානවා
516,දවසකට පක්ෂ
517,මෙි විජේවීර සහෝදරයගෙ පුතාඅාඩමිබරයිවෙනත්තැනෙක හිටියත්
518,සල්ලි ම කියපු කු ගැන මතක නැද්ද
519,රටෙ ජනතාව මාලිමාව තෝරගෙන ඉවරයිමුන්ට ඒක වෙනස් කරන්න බැ
520,කට තිබුනට මොළේ නෑ කලේම උද්ඝෝෂණ පෙළපාලි මිසක් කරපු දෙයක් නෑ දැන් පාර්ලිමේන්තුවත් කන්න යන්න හදන්නේ රවී කුමුදේශ්
521,අනිවාර්යයෙන්ම
522,ඔය වගේ උන්ට ඔහොම තමයි සලකන්න ඕන මුන් ඉන්නෙ රටට ආදරේට නෙමෙයි
523,මරු මරු රන්ජන්ටම ගැලපෙන පොරක් රවී සජියට ගැලපෙන පොරක් ආවා කලින් වැඩසටහන කට චරිත් පිස්තෝලයක් ඕනීම කිවුවෙ මේ මී හරක් පාර්ලිමේන්තු ආවොත් රටට සහ රටෙ ජනතාව දෙයියන්ගේම පිහිටයි
524,හොදටම තේරෙනව මුන් ගහන්න හදපු ගේමමාලිමාවට ජය වේවා
525,දෙශපාලුවන්ගෙ රෙදි ගැලවීම සටන සටන
526,අපේ අනුර ජනපතිතුමා සටන වැඩසටහනේදී කතාකරපු හැටි මුන් දැක්කද දන්නේ නැහැ කොහොමද ඒකේ ගැම්ම ඒ අතින් වෘත්තීය සමිති අටවගෙන මුන් හදන්නේ කොහොමහරි පාර්ලිමේන්තුවට රිංගන්න මුන්ට අහුවෙන්න එපා ඇත්තටම අනුරත් එක්ක බලද්දි මුන් පඔයො දැන් ජනතාව රවට්ටන්න බැහැ ජනතාව බුද්ධිමත්
527,ම්රෙකට කාන්තා නියොජිතයන් එන්නේ නැද්ද
528,කුමුදේශ්ලා බොරු බයිලා ගහගෙන ආවෙ දේශපාලනයට එන්නරටෙ ජනතාවනි මුන්ට ජන්දෙ දෙන්න එපාමාලිමාවට තියෙන ජන්ද කඩන්න මුන්ට ඔනෙඅපි හිතුවෙ මුන් අටට ආදරෙයි කියලා නැ මුන් ආදරෙ උන්ගෙ පවුල්වලට පරම්පරාවටම හම්බ කරගෙන යන්න පුලුවන් නෙදැක්කෙ නැද්ද ජැක්සන් ඇන්තනී හොස්පිටල් ඉන්නකම් කරපු එවා
529,මේ තරම් හිනස්සන්න එපා සුරන්ගරවී නන්නත්තාර වෙලා අහන ප්රශ්න වලට
530,යකෝ මුන් කවද හරි කාලෙක රටේ බලයට පත් උනොත් මේ ලංකාව අතුරුදාහන් වෙයිරවි කුමුදෙශ් කියන මනුස්සයා යන්නෙ කොහෙද මල්ලෙ පොල් වගේ කතානි කියන්නෙ මෙයා හොද ලොකු බුද්ධිමත් උගත් මනුස්සයෙක් කියලා කවුරුහරි මෙයාලට චන්දෙ දීලා පාර්ලිමේන්තු යවන්න හිතාගන ඉන්නවනම් මේක දැක්කට පස්සෙවත් ඒ පාපයෙන් මිදෙන්න අවස්තාව මේක තමයි කියලා හිතන්න
531,ගුලිකාලා වගේ බං මෙව්වට හිනා යන්නේඇයි බ්ං මිනිසු මෙහෙම මින පක්ශේ උනත් මෙහෙම චා වෙන්න ඕන නෑ
532,උවිදු හොද දෙශපාලන දැනුමක් තියන කෙනෙක්
533,රවී කුමුදේශ් මොකෙක්දබං උබපාර්ලිමේන්තුවට නෙමෙයි උබව ලිඳලග සංගමේ සාමාජිත්වයටවත් සුදුසු නෑවැඩක් බලාගෙන පැත්තකට වෙලා හිටපං යකෝනැත්තං ඔය උවිදුගෙන්නත් ඉගෙනගෙන වරෙන්
534,සටන දේශපාලන වීරයන් යැයි හිතන් ඉන්නවුන්ගේ රෙදි ඔලුවෙන් ගලවනු ලැබේ
535,සරංග දේශපාලන පොර පිටියට ප්රක්ෂාග්රහිද
536,විපක්ෂයේ සිටියදී ආණ්ඩු විවේචනය කරමින්ද කැරලි ගසමින්ද වැඩ වර්ජන දියත් කරමින්ද ජනතාව කුපිත කරමින්ද පක්ෂ සාමාජිකයන් කොටවමින්ද වැඩිපුරම ජනතාව රවටමින් බොරු කියමින්ද කාලය ගත කල නම් මිනීමරු දේශපාලන පක්ෂයේ නායක අද කරන්නේද විපෂ භූමිකාවම නොවේද ජනතාව ගෙ අතට රටේ වගකීම බාර කර ඇතිමුත් කූඩැල්ලා මෙට්ටය මත තැබිය නොහැකි වනවා සේ මූට එහි බැරෑරුම් කම නොතේරේ රටේ සහ ජනතාවගේ උන්නතිය සහ පැවැත්ම ගැන කටයුතු කිරීමට කඩිනම් සාර්ථක පියවර සහ සැලසුම් සම්පාදනය කිරීම පසෙකලා යම් ප්රශ්ණයක් මතුවූ විට මූ තවම කරන්නේ පසුගිය රජයන්ට සහ නිළධාරීන්ට අවලාද නැගීමයි ජනාධිපති ධූරයේ වගකීම වත් හරිහැටි අවබෝධ කරගෙන නැති මේ ගොබිලා උන්ගේ වහලුන්ට නම් රජෙකි එහෙත් සාමාන්ය ජනතාවට නම් සැබවින්ම වැඩ බැරි දේශපාලණ නළුවෙකි ගෙ කල පුරුද්දක් නැති කම සහ දැක පුරුද්ද පමණක් ඇති කම මේ සති ගණනට ඔහු මැනවින් පෙන්වා දී තිබේ ට අපි කියන්නේ කයිකයිවාරු ගැසීමෙන් ද අවලාද සහ චෝදනා නැගීමෙන් ද බොරු කීමෙන් ද රටක් පාකනය කල නොහැකි බවයි එබැවින් වහා කාලය කා දැමීම නවතව් දෙඩූ පොරොන්දු ක්රියාවට නගව් වහලුනි තොපි මේවාට කුලප්පු වී අපට කුණු හරුප නොකියා ඇත්ත ඇති සැටියෙන් දැකපල්ලා
537,සුරංගගේ මල්ල ලස්සනයි
538,හොඳ වැඩේ බක පණ්ඩිත ගල් මූසලයට
539,රන්ජන්වත් ගේන්න
540,රංජනුත් ඔය ව්යවස්ථාව දන්නේ නෑ
541,අප්පිරියයි
542,කැරිම ගොන් වේසිගෙ පුතෙක්
543,අනේ රංජෝ
544,ගූ ගොඩක්හූහූහූඋ හූහූහූඋ හූහූහූඋ හූහූහූඋ
545,මූ නම් මොනාහරි ගහලම තමා
546,කිසිම දැක්මක් නැති මිනිහෙක් දන්නේ අර්බුද ඇති කරන්න විතරයි ඇඳන් ආපු එකේ ගෞරවය වත් තියන්න බෑ
547,උවිඳු
548,අම්බෝ සුරංග මුගේ කලිසම ඔලුවෙන්ම ගැලෙවුව
549,ඉලග පාර නිලියො ටිකක් ගෙන්නකො සුපිරි
550,සුපිරියට නාගනී
551,ඔව් මාත් කියන්නෙ ඒක
552,ඒක හරි
553,රුවන්ති මංගලා මහේශි දමිතා
554,සටන වැඩසටහනට බොභෝම ස්තුතියි රටේ අසරණ ජනතාව රවටන අමුගවයන් හදුනාගැනීමට උපකාර කිරීම ගැන
555,ශක්තිමත් විපක්ෂය ක්
556,රංජන් අමු හෙලුවෙන් දැන්
557,සුරංග නැතිනම් සටනක් නෑ
558,හ්ම්ම් සුරංග නැති කාලෙක සටනක් නැතිවේවි
559,උවිදු හොද දැනුමක් තියනව හොද අනාගතයක් තියනව
560,ඉන්න තැන වැරදියි
561,සුරංග සුපිරි ඈ
562,තඩියා ගොනෙක් වගෙ
563,පව් මේ අපත ගවයා නෙදකින් ගොන් වස්සා
564,මෙිකා සජියගෙ සහෝදරයෙක් වෙන්න ඇතිතමන්ගේ අයිතිවාසිකම් සහ පක්ෂයේ අරමුණ මොකක්ද කියලවත් නොදන්න මුන්ට රට භාරදෙන්න පුලුවන්ද මී හරකා
565,මු පට්ට කපටි කයිරාටික හොරෙක් තමයි රවි කුමුදෙස් හොරෙක් තමා මු පට්ට හොරෙක්රෙදි නැතුව හෙලුවෙන් මු අමු ගවයා
566,කෝටි ගානක් හම්බුනා මෙයා මට ව්ය්වස්තාවක් වැඩක් නැ
567,මොහු හැල ගෙම්බෙක්
568,විපක්ෂ නායක සජිත් ගෙන්න ගන්න බැරිද සටනට අපිට පොඩ්ඩක් ආතල් එකක් ගන්න
569,ඌ කවදාවත්ම සටනට එනවා තියා බලන්නෙත් නෑ
570,ලයිව් නම් බෑ
571,නියමයි පට්ට ආතල් එකක් ගන්න පුලුවන්
572,හිනා වෙන්න එපා යකො විපතක්නෙ වෙලා තියෙන්නෙ
573,රවී කුමූදෙෂ් කියන්නේ තනිකර හොරෙක් කාගේ හරි සල්ලි වලට කඩේ යනවා
574,දේශපාලය යනු අපි හැමෝගෙම ජීවිතය තීරණය කරන විෂයයි එය සෙල්ලමක් කරගන්න දෙන්න එපා රවී මහත්තයෝ ෆාමසි කෝස් එකක් කරන්න සයන්ස් විෂයන් කරන්න ඕනී කියල නීතියකුත් කෘෂි නිලධාරීයකු වීමට ඇග්රිකල්චර් විෂයන් හදාරා තිබිය යුතු බවට නීතියකුත්තිබෙන්නේඑම ක්ෂ්ත්රයන් ආරක්ෂා කරගැනීමටය ඔබ වැනි මෝඩයන්ගෙන්දේශපාලනය ආරක්ෂාකර ගැනීමට නම් අනිවාර්යයෙන්ම දේශපාලනයට පිවිසෙන සෑම අයෙකුම දේශපාලන විද්යාව හදාරා තිබිය යුතු බවට නීතියක් සම්මත කල යුතුයි
575,තෝ එකේ පෙන්නුවා දැන් ජනාප්රි යායී කියලා හිතන්න එපා උබ මොන කබ්බෙක්ද රවී මාකබැවිල පල
576,බුද්ධිමත් කියල මාධ්ය සන්දර්ශන දාපු එවුන් මැටි ගොන්නු
577,කවුද බං මුන් තමන්ගේ පක්ශ වියවස්ථාව දන්නේ නෑ අරමුනක් දන්නෙත් නෑ ඔහේ යන හරක් ටිකක් එකතුකරගන චන්දයක් ඉල්ලනවා
578,කුමුදේස් සිරිසේන
579,මේ හොර බල්ලොන්ට රවී කුම්දේස් ගොං රන්ජා ඡන්දෙ දෙන්න එපා මෝඩ වෙන්න එපා තනිකර හොර කණ්ඩායමක් විශේෂ යෙන් ගම්පහ ජනතාවට කියන්නේ
580,රවි කුමුදේශ් කියන්නෙ විමල් වීරවංශම තමයි ඔය මිනිහ එකපක්ෂයක ඉන්නෑ කවදාවත්
581,මොන හුත්තෙක්ද මේ
582,මේ වගේ ට්රැක් පැනපු පොරවල් මොනවට ජංදේ ඉල්ලන්න එනවද මන්දා
583,මූ පට්ට හොරෙක් කාක්කෙක්මූ ඩුබායි එනවා සැප ගන්නකාලකන්නි
584,මූට දෙන චන්දෙ ගෙදර මිනිස්සුත් ශුවර් නෑ මේකට චන්දෙ දෙයිද කියල
585,මූත් අමු තක්කඩියෙක්මූ රන්ජන්ගෙ ඩමියක්
586,උවිදුට හොද අනාගතයක් තියෙනවා පාර හදාගන්න අනුර වගේ ඔබට උඩට එන්න පුලුවන් සුබ පැතුම් සහෝදරයා
587,මොකක්ව්යවස්ථා කොහෙද මල්ලි ඔය කවුරු හරි රාජා අලියෙක් සල්ලි විසිකරනවානම් ඕසෙට පොරකකා අහුල ගන්නවානෙ මල්ලී මොන රටද සල්ලිනෙඔයාලට පිස්සුද දන්නැද්ද ගෞරවනීය ලාංකිකයිනි සිට තියෙන කුඩු නැති කරන්න හරි ඔය ගොඩබහින ජාවාරම් කාරයින්ගෙන් රට ගලවා ගන්න හරි දේශපාලඥ්යින්ගෙ අධික වියදම් අඩු කරන්න හරි අඩු කැබිනට් මණ්ඩලයක් තියෙන්න හරි මොනම වෙනසකට හරි මාලිමාව හැර මොකක්ද තියෙන්නෙමේ වගේ නපූංසකයින් දිහා බලන්න වත් එපා පාර්ලිමේන්තුව මාලිමාවෙන්ම පුරවන්නජනපතිතුමාගෙ ආරක්ෂාව තරකරන්න මුං පාර්ලිමේන්තු ගියත් නොගියත්මොන ගේමක් නොගහයිද
588,පක්ෂවලට ව්යවස්ථා කියල ඒ පක්ෂෙ ඉන්න හැම පක්ෂ සාමාජිකයම පිලිගන්න හැම පක්ෂ සාමාජිකයම ගරුකරන එකක් තිබුනට ගනිකා මඩම් වලට ව්යවස්ථා කියල එහෙම අටමගලයක් තියෙන්ඩම ඕනැ කියල එකක් නෑ කියල නේද ඔය රවි කුමුදේශ් කියන්ඩ දගලන්නෙ පව් අසරනය හානව හොදම එකෙන්
589,රවී කුමුදේස්ලා වගේ උන් පාර්ලිමේන්තුවට ගියොත් රටට අබසරනයි
590,මූ කොරොනා කාලෙ බයිලා ගැහුවා
591,ගොන්ජගෙ පක්ෂෙ එකා නේද පක්ශෙ ව්යවස්ථාව දන්නෙ නැත්තෙ
592,අනේ මේ වගේ මී හරකෙක්ට චන්දය දීමෙන වැළකී සිටින්න
593,මූ දොස්තර කෙනෙක් නෙවෙයි කෙනෙක්
594,මේ යකා කලින් හොදට හිටියාදේශපාලන කරන්න ගත්තට පස්සෙ හත් පොලේ ගා ගන්නවා
595,ලංකාවෙ ගොඩක් වුන් දේසපාලනෙ කරල විනාස වුනාලක්කම්මරන්ජඔක්කොමමූ නං අමු ගවයෙක්
596,සුරංග තමුසෙ නං මහ තිරිසෙනක් ඕයි තමුසෙ නං
597,අපි හිතුවේ මෙයා හොද කෙනෙක් කියලා එත් දැන් තෙරෙනවා කල දුටුකල පාර්ලිමේන්තුවට රින්ගගන්න යන කෙනෙක් කියලා
598,රවී හරියටම රවී බුරුසුවක් වගේ හැම තැනම ගාගන්නවා
599,මුන්ට චන්ද දෙන මීහරකුත් ඉන්නවා
600,විපැත්තියක් වෙලා වගේ
601,මේ නපුංසක වල් බල්ලෝ තමා වැඩ වර්ජන වලට මූලික පඩයක් ගියත් වැඩ වර්ජන කාළකණ්නි රංජන් වගේ නූගත් මී හරකෙක්ට ඡන්දේ දෙනවනම් අමු පොල් හරක් ඉන්නේ ලංකාවේ
602,මූ තනිකර හිටංගෙ කොපියක් දුන්නොත් රට සදා සොත්ථි
603,අම්මේ හිනා ගස්සලා මරන්න එපා යකු රව් කුමුදේශ් ා බෑග් එක කඩේ පල කිව්වම යන වර කිව්වම එන අන්දරේ
604,බූරුවෙක්නෙ මුන් වගේ උන් චන්දෙ ඉල්ලන්න වත් සුදුසු නෑ
605,පාර්ලිමේන්තුවේට පිස්තොලයක් අරන් යන්න බෑ කියලා දන්නැති බුරුවේක් නේ මේමුන්ව යවන්න ඕන අංගොඩ
606,මූට අනුන්ගේ කුනු හොය හොය යනවට වඩා වැඩක් තියේයැ
607,රංජගෙ පක්ෂෙ අපේක්ෂකයො දන්නෑ ඒ පක්ෂෙ නම ප්රජාතන්ත්රවාදී ජනතා හඩ උනාට ඒක ප්රජාත්රන්ත්රවාදී ද කියලවත්
608,ගවයන්ට චන්දය දීම සදහා අටවා ගත් මීහරක්ගේ පක්ෂය ව්යවස්ථාව බොරුවක් කියන පක්ෂයේ ප්රධානියා
609,යකෝ මුන් ඇවිල්ලා තියෙන්නේ මාලිමාවෙ චන්දෙ කඩන්න රට හදන්න නෙවෙයි
610,රවී ඔයාට සබන් මගෙන්
611,මුහුදේන් නාන එකෙක්
612,කොහොම වුණත් මේ සුරංගල් ආපු ප්රශ්නේ මේ ගොල්ලන්ගෙන් හොඳයි
613,කුමුදේශ් එක්ක උගුඩුවාගෙදරටයිසමන් රත්නප්රියටයි එන්න කියන්න තිබ්බේඔය තරිඳු උඩවරගෙදර කියන්නෙත් මුන්ගෙම පලුවක්තරිඳු ජයවර්ධනත් ශුවර්ම නැති එකෙක්
614,හොඳටම පැහැදිලියි මේ බළල් අත්බවරවී කුමුදේශ් කියන්නෙම ඩමියක්
615,අනේ මන්දා දොස්තර කෙනෙක් වුනේ කොහොමද මන්දා
616,මූ දොස්තර කෙනෙක් නෙවෙයි බන්මූ ලැබ් ඇසිස්ටන් කෙනෙක්
617,මේ රවී කුමුදේශ් වගේ අවස්තාවාදී පිස්සන්ට ජන්දෙ දෙන්න එපා
618,අපි නම් දන්නවා මේක අමු ගවයෙක් කියලාකොරොනා කාලේ මීඩියා වලින් නේ ෆොම් කරපු එකෙක්
619,රවි කුමුදේශ් දැන් නලුවෙක් වෙලාඑක එක විදියට දෙබස් හසුරුවන ඔබ සමාජයේ ලබා තිබූ ප්රතිරෑපය අද විනාශ වෙලා එක අද දිනෙන් දින ජනප්රසාදය ලබා ගන්නේ අවක ප්රතිපත්ති ගරුක නායකත්වයේ මග පෙන්වීම මතඑවෙනි නායකත්වයක් එදා මෙදාතුර කිසිදු නායකයෙකුට නැහැ
620,නානවා නෑමක් නියමෙට
621,මේ විහිලුකාරයො ඉන්නකන් මේ රට හදන්න බැ
622,රෙහාන් තව හොදයි ඒකට කුමුදේශ්
623,මේකට සජිත්ව ගෙන්නන්න නම් මොකක්ද කරන්න ඕන කවුරුහරි ඉක්කන්ට කියන්න
624,මිනිස්සු තෙරුම් ගන්න මෙ මොකටද එන්නේ කියලා රැවටෙන්න එපා
625,මේ අයට පුලුවන්ද පාර්ලිමේන්තුවට ගිහිල්ලා රට මේ තිඉයෙන තත්වයෙන් ගොඩ ගන්න චන්දේ පාවිච්චි කරන කොට හොදට හිතල චන්දෙ පාවිච්චි කරමු මාලිමාවට චන්දෙ දෙමු
626,කුමුදෙස් කියන ගොන් හරකට කියන්නෙ තො ගිහින් තනකොල කාපිය
627,ව්යවස්ථාව රට ආපස්සට හැරවීම
628,මයික් ඉස්සරහ වීරයෝ වෙන අයගේ ඉතින් ඇත්ත තත්ත්වය ඕක තමා ඒවා දැනගෙන හැමෝම දේශපාලනය කරානම් හොඳයි ඉතින් මොකද ඉතින් සර්ව සම්පූර්ණ මිනිස්සු නෑනේ
629,සුරංග බුරුවා
630,කැමති උනත් අකමැති උනත් උවින්දුව විතරයි පැහැදිලිව නිස්චිතව වැල බයිල නැතිව පක්ෂෙ ව්යවස්ථාවෙ සදහන් අරමුණ කිව්වෙ අනිත් ඔක්කොම වටේ යනව මයික් එකේ උන්ට තමා මරුම වළුවස්ථාව තියෙන්නෙ සුරන්ග මිනිස්සු හිනස්සල මරන්ඩද බන් හදන්නෙ
631,ව්යවස්ථාව මාලිමාව වට්ටන එක
632,පාරෙ ස්ට්රක් කරන කෙනා නේද මේපව් අනේ
633,මම හිතංහිටියේ රවීකුමුදේශ් කියන්නෙ වැඩ්ඩෙක් කියලා
634,ඔයාල එක්ක බෑ ඒයි එන්න කියල අපෙන් ආතල් ගන්නවනෙ ඉතිං මීට රවී කුමුදේශ්
635,ඉන්න බැරි කරන්න්ද හදන්නෙ මැට්ටො මීට රවී කුමුදේශ්
636,ඇත්ත හලෝ
637,අඩෝ එහෙම කියන්න එපා බං හිනාකාලා මැරෙනවාා බංඑන්න කලින් මුන්ට තිර පිටපතදීලා නෑපුස් චරිත බං මේවාමාලිමාවට ජය වේවා
638,අම්මෝ වුත්තෝ
639,කුමුදෙශ්ව වුර්තිය සමිති වලින්ම අ එලවන්ඩ ඔනෙමු හරකෙක්නෙ
640,සිරස සුරංග ගොඩක් ස්තූතියි මිනිසුන් පට්ට චරිත කියලා හිතාගෙන ඉන්න උන් තනිකරම මැටි ගොඩවල් කියලා ලෝකේටම පෙන්වන එකට
641,මැට්ටා යකො මේ සුරංග කියන එකා
642,සිරාවටම
643,සුරංග කට්ටිය ගේ කලිසං ගලවන්නේ ඔළුවෙන්
644,කුමුදේශ්ගේ ප්රධාන අවධානය යොමු වූයේ දේශපාලනයට පමණක් පැමිණීමයි
645,කුමුදේශ් නියම කොටියා
646,රවී කුමුදේශ් කියන්නෙ කෝටිපති ව්යාපාරිකයොන්ගෙ න්යාය පත්ර වලට නටන රූකඩයක්
647,කුමුදේශ් මොනවද මේ ඔබ සදාගත් ප්රතිරෑපය නැතිකර ගන්නවා කියි හැගෙන්නේ නෑඩයස් පෝරා වරදාන ලොකු නිසා
648,තවත් පිස්සොන්ගේ එකතුවක් මුන් කොහොමද රට හදන්නේ පක්ෂයේ ව්යවස්ථාව නොදන්න එකා කවදාවත් රටේ ආණ්ඩු ක්රම ව්යවස්ථාව මැරෙනකම්වත් කියවන්නේ නෑ
649,මටනම් කියන්න වදන් නැ මෙ වගෙ උන්ගෙ පස්සෙ යන උන් අමු ගවයො ලෙස ඉදිරියෙදි දැකගත හැක
650,කුමුදුගෙ රෙදි කො
651,මේවා සෙට් ගේම්ඉයෙ ටාර්ග්ට් එක මේයාඅද මෙ විදිහට කැප්ශ්න් වටෙයි කියලා ඉයෙ රෑම හිතුනා
652,මෙහෙම උන් ද පාර්ලිමේන්තු යවන්න ඕනෑ විවස්තාව දන්නෙත් නෑ
653,මෙතන ඉන්න කිසි කෙනෙක්ට පාර්ලිමේන්තු ව්යවස්ථාව ගැන අංග සම්පූර්ණව අදහසක් නෑ ඒ ප්රශ්නෙ හරි අතාර්කික ය්
654,ඔය මලපෙරේතයන්ගෙ තියෙන්නෙ කූනුහරුප හඬපටි නිදකිං
655,මුගෙන් ආණ්ඩුක්රම ව්යවස්ථාව ගැන ඇහුවනම් ආතල් එකක් ගන්න තිබ්බ
656,අයියෝ රන්ජ මොකද කද කරන්නෙ චන්දෙට ඉදිරිපත් වෙනවද නැතින නිකන්ම කිචවෙනවද
657,මූට අන්ද කයිප්පු සිරසඅඩු ගානේ ඔයාලා ආතල් ගත්තනේඒ ගැන අපි සතුටුයි
658,කුමුදේශ් ට හොද කුට්ටියක් කෙහෙන් හරි ලැබිලා පේන විදිහට
659,කුමුදේශ් පිස්සෙක්
660,අපි හොරකම් කළා උන් අපිට වඩා හොරකම් කළා අපි හොරකම් කරපුවාගෙන් අපිට මිලට ගන්න තිබුණ දේවලුත් උන් හොරකම් කරලා ඉතිං අපිට මල පැන්නා අපි අරුංට කතිරේ ගැහුවා ලංකාවේ බහුතරයක් තම තමංගේ ලෙවල් එකේ හොරු තක්කඩි කපටි තමයිඔබ තම තමං ඉන්න අයතනේ ක්ෂේත්රයේ කපටි යටිකූට්ටු ගේම් කාරයෝ දිහා බලන්න රාජ්ය බලය ධනය තම පුද්ගලික න්යාය පත්ර වලට භාවිත කරන හැටි බලන්න තම තමනුත් හර්දශාක්ෂියට තට්ටු කරගෙන බලන්න
661,මු කොච්චර අර්බුද අතිකරදඑ කාලෙදී අමු ගවයෙක් හදුන්වල දුන්න්න සිරසට
662,හොදටම නාගන්න ඕන නම් සිරස සටනට එන්න
663,නොදැන අවොත් හා ගන්නව
664,වතුර නැතුව
665,සුරංගට තුරුම්පු දෙන්ට එපා මෝඩයෝ ටයි එක විතරයි ඉතුරුයි
666,මේක දැක්ක එකෙක් සුරන්ගට පෙන්නපන්ඉගෙන ගත්ත නැති පොන්න වේසිගෙ පුතෙක්ආන්ඩුවට කඩේ යන සල්ලි හිගා කන ගොං හුත්තෙක්
667,බුද්ධිමත් කමයි උගත් කමයි දෙකක්මේ වගේ ඩයල් තමයි පක්ෂයෙ ඉන්නෙ
668,රවී කුමුදෙශ් රජපක්ශලාගේ කුක්කෙක්
669,මාලිමාවට බලය ලබා දෙමු මුන්ට දෙන චන්දෙ අපරාධක්
670,මේ කොටියාට වියවස්තා දැන ගන්න ඕනෙ නැහැවියවස්තා අලි රාජාගේ මේ කාලකණ්නියා නියම කොටියා
671,විපක්ෂෙට
672,අනේ මේ වගේ අයට නම් ඔබගේ වටිනා ඡන්දය පාවිච්චි කරන්න එපා කියලා මම සියලුම ශ්රී ලාංකිකයන් කරුණාවෙන් ඉල්ලා සිටිනවා
673,එක රනිල් මහත්තයාත් කිව්වා ඇත්තටම තන්හාවට ආවට මේලෝ දෙයක් දන්නේ නැ ඒක එ අය නොදන්න එකත් කනගාටුදායකයි
674,සහොදරිය ඔබ කතාවට එකගයි
675,මෙලෝ රහක්නෑ දේශපාලන කරන්නන් වාලේ කෝම හරි පාර්ලිමේන්තුවට යන්න අබ සරණයි මිනිස්සුන්ට
676,මංනම් හිතන්නෙ මුං ඔක්කොම එක එක විදියට එන්නෙ වරප්රසාද අහිමි වෙනවට ගහන ගේම් එකක්
677,අනුංගෙන් අහනවා තමන් ලඟ නැතුව
678,මේවා ට වගේ පටන්ගෙන ට වගේ ඉවර කරන්න බෑදකතා ඔනා නෑ මුන්ගේ බොරැ බල බල හිනා උනාම ඇති
679,පව් අප්පා කුමුදේශ් අලිරාජා කියන්නේ කවුද කුමුදේශ්
680,හානවා හෑමක් සිරස නම් මරැ
681,අශේන්ව ගෙන්වන්න බැරිද
682,මගෙන් අමාරු ප්රශ්න අහන්න එපා මං කෑගහනවා මං කෑගහනවා
683,සුවර් එකටම රන්ජා දන්නෙත් නැතුව ඇති පක්ශෙ ව්යවස්ථාව ගැන
684,ඌට ඒව වැඩක් නෑ කොහේහරි මයික් එකක් ඉස්සරහ හරී පොර වගේ කෑ ගහන්ඩ විතරයි ඕනෙ
685,අනිවාර්යයෙනම දැන් ස්වර්ණවාහිනීයත් උගේම එකක් වගෙ උගෙ ය්නවා වලට විනාඩි විතර උගෙ වැඩ යනවා ව්කාර ගොඩයි
686,අනිවාර්යයෙන්
687,ඔය පක්ශෙ ස්වර්නවාහිනී අයිතිකාරයාගේ ලු බන් ඌ නම් තනිකර ඉතින්
688,මේ වගේ උන්ට චන්දෙ දෙන උන් ඉන්නවනේ මේ රටේ කරුමෙට ශික්
689,සහතික ඇත්ත සහෝදරයා මේක මහ
690,කල කිරෙන්න එපා අපි තව තවත් සක්තිමත් වෙමු ජනතාව දැනුවත් කරමු තව තවත්
691,අනුර ජනපතිට දීර්ඝායුෂ මාලීමාවට ජය මාතෘභූමියට ජය වේවා
692,හැබැයි ටයි කාරයා කියන කතාවනම් ඇත්ත
693,අයියෝ තිබ්බ නමත් නෑ
694,සල්ලි වලට කඩේ යන රන්ජන්ගේ සෙට් එක
695,උඩ පැන පැන රීලා ගූ කකා නානවා
696,මරු රන්ජන් ගේ පක්ෂය අර අත වන වන යන බලෙන් ෆොටෝ ගන්න නිළියත් ගෙන්න නියමයි එතකොට
697,මෙිවගේ හරක්ද පාලිමන්ටිඑකටත් මෙවර යවන්න ඉන්නේ රටෙි ජනතාව තේරැමිඅරන් මෙවරචන්දය පාවිචිචි කරන්න නැවතහරවන්න බැ පසුව පසුතැවිලිවෙන්නත්එපා අපි බැටකැව ඇති කප්පන්කරයෝ රටගෙනචිචෙි මෙපමනකල් එයතේ්රෙනවනමි නැවත එකඑක මොඩල් වලින් එනවා මෙදා පාර පේනදේබලලා තිරනයගන්න
698,මුන් පට්ට ආතල් අප්පා මුන්ට චන්දෙ දෙන්න හිතන්න්වත් එපා
699,බලන්න ජාතික ජනබලවේගේ තේරීම කොතෙක් සාදාරනද කියලා
700,රවී කුමුදේශ් පට්ට කුහක ගොනෙක්
701,රවී කුමුදේශ්අමු ගවයෙක්නෙ මූ
702,රන්ජත් ඔය බෝට්ටුවෙම තමා
703,පව් හැබැයි දේශපාලන දැනුමක් නෑ
704,සුරංග කොහොමද අනේ රවීගේ කලිසම ඔලුවෙන්ම ගැලෙව්වේ පව් අප්පා මෙ වගේ උන් පාරිලිමේන්තු ගියොත් කොහොමට තියෙවිද වගේ ඉදිවි කියන්නෑ කියන්නේම නෑ ඒ වගේතමයි
705,රැල්ලට චන්දේ දෙන්න එපා මිනිසුනේ මුන් දේසපාලනේට එන්නේ මිනිසුන්ට අර්දරෙට නෙමෙයීමුන්ගේ වාසියට
706,රවී කතා කරනකොට මතක් වුනේ සිරිසේන ජනාධිපතිවදන්නේ නැති දෙයක් ඇහුවම වෙන මොකක් හරි වල් පල් දොඩවලා ෂේප් වෙන්න බලනවා
707,සිරිසේන විතරද සජියා ඊට එහා ගොන් නාම්බා
708,මුන්ට චන්දෙ දෙන්න හිතන් ඉන්න එවුන්ගේ දැනගැනීමට හොදටම ඇති
709,ඇත්ත
710,රන්ජන්ටම සෙට්වෙන එකෙක්
711,මධ්ය ඉස්සරහාට ගෙනත්ඕකුන් පච කරන්න ඕනේ
712,ඔය දැන් තියෙන පක්ෂ වලින් අපේ රටට මොන වගේ ඒවාද කරන්න හිතන් ඉන්නේ අලුතින් පිහිටවන පක්ෂ වලින් අපේ රටට මොන වගේ දේවල් ද කරන්න ඉන්නේ වගේ දේවල් හොයලා බලලා පක්ෂ ලියාපදිංචි කරන්න වැඩ පිළිවෙලක් මැතිවරණ කොමිසමට තියෙනවද නැද්ද
713,පර්ලිමෙන්ට් එකට නියෝජිතයන් තෝරාගැනීමේදී තරග විබාගයක් තියාලා පාර්ලිමේතුවේ නීති සම්මත කිරීමේදී මහජන මතය හා රටට හිතකර අනුකුලව නීති යෝජනා කිරීම හා සම්මත කිරීම වැනි කරුණුද රටේ විවස්තව පිළිබද අවබෝදය රටේ විවස්තව උල්ලංගනය කරන පනත් සම්මත කිරීමෙන් වැලකීම සමාජ සේවය කර ඇති ආකාරය මත මතපැන් ස්කාගාර සුදූ පොළවල් හිමි කරුවන් අපරාද චෝදනා ලාබින් අපරාද කරුවන් මුල්ය වංචනිකයන්ට වගේ කරුණු සැලකිල්ලට ගෙන නාම යෝජනා ලබා නොදී තමා පාර්ලිමේන්තුවට තේරීපත් වුවහොත් ඉදිරි වසර තුල තමන් ක්රියාකරන ආකාරය කෙසේ දැයි පැහැදිලි කරීමට ඇති හැකියාව යන ආදී ක්රමවේදයක් මත මහා මැතිවරණයට නාම යෝජනා ලබා දීමට මැතිවරණ කොමිසන් සබාවට යෝජනා කරමු සාවද්ය වත්කම් බැරකම් ප්රකාශ ඉදිරිපත් කරන වෙනත් රටවල පුරවැසි බාවයන් තිබෙන අයවලුන්ට නාමයෝජනා ලබදීම තහනම් කිරීම
714,මොක්කුද මන්ද මුන් කාලකන්නි
715,ටයි එකේ ගෞරවයවත් තියපන් සුරංග
716,ඒ ටයි එකෙන්ම බෙල්ලෙ වැල දාගන්න තිබ්බනම්
717,ටයි එක පව් අනේ
718,හපොයි
719,බලය ගන්න බල්ලෙක්ට හරි පුක දෙනවා දැන් ඉන්න එවුන්
720,කොච්චර ගොන් හරක් තවත් පාර්ලිමේන්තු වට යවනවදමිනිස්සු තිරනය කර යුතුම වෙලාවඑය තෙරුම් කරන්න තමයි සිරස මේ කරන්නෙ
721,අපේ පක්ෂයේ අරමුණ කොන්ත්රාත් ක්රමයට මාලිමාවේ චන්ද කඩන එක මාලිමාවට ජයවේවා
722,ඔයාට විතරයි තේරුනේ
723,අන්න හරි
724,තව ව්යවස්ථාව තිබුනා ට විරුද්ධ වාදීන් ට මඩ ගහලා අවලාද කරලා අපේ කුණු වහගන්න එක
725,දැක්ක කදබක පණ්ඩිත රෙහානුත් නානවා
726,හොඳට හිනා උනා අදත් ස්තූතියි සුරංග
727,අපි හිතාගෙන උන්නේ මේ දොස්තරයා මාර පොරක් කියලා බලාගෙන ගියාම පට්ට ගොබ්බයෙක්
728,රෙද්දෙ ර්ර්ගන්නවා විතරක් නෙමෙයි ඒකෙ එතිලා පෙරලෙනවා
729,ඊට පස්සෙ ඒකහෝදලා බොනවා
730,ඒක හරි බං
731,මයික් ටයිසන් ලාගේ පක්ෂේ ව්යවස්ථාව දන්නේ අලි රාජා විතරයිනේ උගේ සල්ලි වලට උගේ අල්ලේ නැටවෙන එවුන් දන්නේ ලියලා දුන්න ස්ක්රිප්ට් එක කියවන්න විතරනේ
732,හිවල්ලු හිවල්ලු එකතු වෙලා උවිඳුගෙ පක්ශයට මේ පාර එක දෙන්නත් හිතෙනව සහයෝගය දෙන විපක්ශයක් ගොංපාට් නැති පක්ෂයක් වගේ වෛරීය දේශපාලනයක් නෙවෙයි සුරංග ඔයා මරු ඈ
733,ආණ්ඩුව හදමු විපක්ෂයට ඉස්සෙල්ලා
734,ගෙම්බෙක් ගිය උඩ මේ මොකක්ද බං
735,මට පේන්නෙ සටනෙ ඔය පුටුවට වම් පැත්තෙන් එන කවුරු උනත් නානව මතකනෙ එදා චරිත්
736,ඇත්තමයිපුටුවේ වැරද්දක්ද මන්දාඇදගෙනම නානවා
737,රවී කුමුදේශ් කියන්නේ වෘත්තිය සමිති කරලා ලෙඩ්ඩුන්ට මැරෙන්න ඉඩ හදපු පාපතරයෙක් ඌ කොහෙන් හරි එල්ලෙන්න හදන්නෙ
738,මෙ වගේ මුදලට තමන්ගේ ආත්මයම පාවාදෙන එවුන් කවදාද රටක් ජාතියක් ගැන හිතන්නේමෙ වගේ දෙශපාලන හාල් පාරැවෝ එලවා දමන්න ඔනා
